phone_id,brand,model,price_inr,rating,ram_gb,storage_gb,processor_brand,processor_name,core_count,clock_speed_ghz,battery_mah,charging_watt,refresh_rate_hz,rear_camera_mp,front_camera_mp,rear_camera_count,has_5g,has_nfc,os
1,OnePlus,OnePlus 11 5G,54999,89.0,12.0,256.0,snapdragon,snapdragon,8.0,3.2,5000.0,100.0,120,50.0,16.0,3,1,1,android
2,OnePlus,OnePlus Nord CE 2 Lite 5G,19989,81.0,6.0,128.0,snapdragon,snapdragon,8.0,2.2,5000.0,33.0,120,64.0,16.0,3,1,0,android
3,Samsung,Samsung Galaxy A14 5G,16499,75.0,4.0,64.0,exynos,exynos,8.0,2.4,5000.0,15.0,90,50.0,13.0,3,1,0,android
4,Motorola,Motorola Moto G62 5G,14999,81.0,6.0,128.0,snapdragon,snapdragon,8.0,2.2,5000.0,,120,50.0,16.0,3,1,0,android
5,Realme,Realme 10 Pro Plus,24999,82.0,6.0,128.0,dimensity,dimensity,8.0,2.6,5000.0,67.0,120,108.0,16.0,3,1,0,android
6,Samsung,Samsung Galaxy F23 5G (6GB RAM + 128GB),16999,80.0,6.0,128.0,snapdragon,snapdragon,8.0,2.2,5000.0,25.0,120,50.0,8.0,3,1,1,android
7,Apple,Apple iPhone 14,65999,81.0,6.0,128.0,bionic,bionic,6.0,3.22,3279.0,,60,12.0,12.0,2,1,1,ios
8,Xiaomi,Xiaomi Redmi Note 12 Pro Plus,29999,86.0,8.0,256.0,dimensity,dimensity,8.0,2.6,4980.0,120.0,120,200.0,16.0,3,1,0,android
9,Nothing,Nothing Phone 1,26749,85.0,8.0,128.0,snapdragon,snapdragon,8.0,2.5,4500.0,33.0,120,50.0,16.0,2,1,1,android
10,OnePlus,OnePlus Nord 2T 5G,28999,84.0,8.0,128.0,dimensity,dimensity,8.0,3.0,4500.0,80.0,90,50.0,32.0,3,1,1,android
11,Realme,Realme 10 Pro,18999,82.0,6.0,128.0,snapdragon,snapdragon,8.0,2.2,5000.0,33.0,120,108.0,16.0,2,1,0,android
12,Oppo,Oppo A78,18999,79.0,8.0,128.0,dimensity,dimensity,8.0,2.2,5000.0,33.0,90,50.0,8.0,2,1,1,android
13,Xiaomi,Xiaomi Redmi Note 12 Pro 5G,24762,79.0,6.0,128.0,dimensity,dimensity,8.0,2.6,5000.0,67.0,120,50.0,16.0,3,1,0,android
14,Vivo,Vivo T1 5G (6GB RAM + 128GB),16990,80.0,6.0,128.0,snapdragon,snapdragon,8.0,2.2,5000.0,18.0,120,50.0,16.0,3,1,0,android
15,Samsung,Samsung Galaxy S23 Ultra 5G,114990,,8.0,256.0,snapdragon,snapdragon,8.0,3.2,5000.0,45.0,120,200.0,12.0,4,1,1,android
16,Apple,Apple iPhone 13,62999,79.0,4.0,128.0,bionic,bionic,6.0,3.22,3240.0,,60,12.0,12.0,2,1,1,ios
17,Vivo,Vivo Y16,9999,65.0,3.0,32.0,helio,helio,8.0,2.3,5000.0,10.0,60,13.0,5.0,2,0,0,android
18,Oppo,OPPO Reno 9 Pro Plus,45999,86.0,16.0,256.0,snapdragon,snapdragon,8.0,3.2,4700.0,80.0,120,50.0,32.0,3,1,1,android
19,OnePlus,OnePlus 10R 5G,32999,86.0,8.0,128.0,dimensity,dimensity,8.0,2.85,5000.0,80.0,120,50.0,16.0,3,1,1,android
20,Vivo,Vivo Y22,14499,72.0,4.0,64.0,helio,helio,8.0,2.0,5000.0,18.0,60,50.0,8.0,2,0,0,android
21,OnePlus,OnePlus 11R,39999,85.0,8.0,128.0,snapdragon,snapdragon,8.0,3.2,5000.0,100.0,120,50.0,16.0,3,1,1,android
22,Vivo,Vivo V25 Pro 5G,35999,85.0,8.0,128.0,dimensity,dimensity,8.0,3.0,4830.0,66.0,120,64.0,32.0,3,1,0,android
23,POCO,Poco X4 Pro 5G,14999,80.0,6.0,64.0,snapdragon,snapdragon,8.0,2.2,5000.0,67.0,120,64.0,16.0,3,1,0,android
24,Xiaomi,Xiaomi Redmi Note 12,17859,76.0,4.0,128.0,snapdragon,snapdragon,8.0,2.0,5000.0,33.0,120,48.0,13.0,3,1,0,android
25,Vivo,Vivo V26 Pro,42990,87.0,12.0,256.0,dimensity,dimensity,8.0,3.2,4800.0,100.0,120,64.0,32.0,3,1,1,android
26,Samsung,Samsung Galaxy S20 FE 5G,31239,88.0,8.0,128.0,snapdragon,snapdragon,8.0,2.84,4500.0,,120,12.0,32.0,3,1,1,android
27,OnePlus,OnePlus Nord CE 2 Lite 5G (8GB RAM + 128GB),21995,84.0,8.0,128.0,snapdragon,snapdragon,8.0,2.2,5000.0,33.0,120,64.0,16.0,3,1,0,android
28,Apple,Apple iPhone 14 Pro Max,129990,76.0,6.0,128.0,bionic,bionic,6.0,,4323.0,,120,48.0,12.0,3,1,1,ios
29,Vivo,Vivo V25 5G,27999,83.0,8.0,128.0,dimensity,dimensity,8.0,2.0,4500.0,44.0,90,64.0,50.0,3,1,0,android
30,OnePlus,OnePlus 11 Pro,69999,,8.0,128.0,snapdragon,snapdragon,8.0,3.2,4500.0,100.0,120,50.0,16.0,3,1,1,android
31,Realme,Realme 10 Pro (8GB RAM + 128GB),19999,84.0,8.0,128.0,snapdragon,snapdragon,8.0,2.2,5000.0,33.0,120,108.0,16.0,2,1,0,android
32,POCO,Poco X5 Pro,20999,81.0,6.0,128.0,snapdragon,snapdragon,8.0,2.4,5000.0,67.0,120,108.0,16.0,3,1,1,android
33,Vivo,Vivo V27,27990,83.0,8.0,256.0,dimensity,dimensity,8.0,2.2,4700.0,67.0,120,64.0,50.0,3,1,0,android
34,Apple,Apple iPhone 11,38999,73.0,4.0,64.0,bionic,bionic,6.0,2.65,3110.0,,60,12.0,12.0,2,0,1,ios
35,Samsung,Samsung Galaxy M53 5G,23790,85.0,6.0,128.0,dimensity,dimensity,8.0,2.4,5000.0,25.0,120,108.0,32.0,4,1,0,android
36,Samsung,Samsung Galaxy S21 FE 5G,39999,87.0,8.0,128.0,exynos,exynos,8.0,2.9,4500.0,25.0,120,12.0,32.0,3,1,1,android
37,Oppo,Oppo Reno 8T,29990,87.0,8.0,256.0,snapdragon,snapdragon,8.0,2.2,5000.0,66.0,120,108.0,16.0,3,1,1,android
38,Samsung,Samsung Galaxy S22 Ultra 5G,91999,,12.0,256.0,snapdragon,snapdragon,8.0,3.0,5000.0,45.0,120,108.0,40.0,4,1,1,android
39,Xiaomi,Xiaomi Redmi Note 12 Pro Max 5G,32999,83.0,6.0,128.0,snapdragon,snapdragon,8.0,2.36,5200.0,210.0,120,108.0,32.0,4,1,0,android
40,Oppo,OPPO Reno 9 5G,28499,83.0,8.0,256.0,snapdragon,snapdragon,8.0,2.4,4500.0,67.0,120,64.0,32.0,2,1,1,android
41,OnePlus,OnePlus Nord CE 3 5G,21999,83.0,6.0,128.0,snapdragon,snapdragon,8.0,2.2,5000.0,67.0,120,108.0,16.0,3,1,1,android
42,Xiaomi,Xiaomi Redmi Note 11 Pro Plus 5G,19999,83.0,6.0,128.0,snapdragon,snapdragon,8.0,2.2,5000.0,67.0,120,108.0,16.0,3,1,0,android
43,Motorola,Motorola Edge 20 Fusion 5G,18999,87.0,6.0,128.0,dimensity,dimensity,8.0,2.4,5000.0,30.0,90,108.0,32.0,3,1,1,android
44,Realme,Realme 10 Pro Plus (8GB RAM + 256GB),27999,85.0,8.0,256.0,dimensity,dimensity,8.0,2.6,5000.0,67.0,120,108.0,16.0,3,1,0,android
45,Vivo,Vivo Y35,18499,80.0,8.0,128.0,snapdragon,snapdragon,8.0,2.4,5000.0,44.0,90,50.0,16.0,3,0,0,android
46,Samsung,Samsung Galaxy M33 5G,17478,81.0,6.0,128.0,exynos,exynos,8.0,2.4,6000.0,25.0,120,50.0,8.0,4,1,1,android
47,Xiaomi,Xiaomi Redmi Note 11,11936,76.0,4.0,64.0,snapdragon,snapdragon,8.0,2.4,5000.0,33.0,90,50.0,13.0,4,0,0,android
48,Realme,Realme C33,8950,64.0,3.0,32.0,unisoc,unisoc,8.0,1.8,5000.0,,60,50.0,5.0,2,0,0,android
49,Vivo,Vivo Y16 (4GB RAM + 64GB),12489,68.0,4.0,64.0,helio,helio,8.0,2.3,5000.0,10.0,60,13.0,5.0,2,0,0,android
50,Samsung,Samsung Galaxy A74 5G,42999,,8.0,128.0,snapdragon,snapdragon,8.0,2.36,5000.0,33.0,120,108.0,32.0,4,1,1,android
51,Samsung,Samsung Galaxy A14 5G (6GB RAM + 128GB),18999,79.0,6.0,128.0,exynos,exynos,8.0,2.4,5000.0,15.0,90,50.0,13.0,3,1,0,android
52,iQOO,iQOO Neo 7 5G,29999,82.0,8.0,128.0,dimensity,dimensity,8.0,3.1,5000.0,120.0,120,64.0,16.0,3,1,1,android
53,Jio,Jio JioPhone 5G,11990,64.0,4.0,32.0,snapdragon,snapdragon,8.0,2.2,5000.0,18.0,90,13.0,8.0,1,1,0,android
54,Motorola,Motorola Moto G82 5G,18999,83.0,6.0,128.0,snapdragon,snapdragon,8.0,2.2,5000.0,30.0,120,50.0,16.0,3,1,1,android
55,Realme,Realme 10,13999,74.0,4.0,64.0,helio,helio,8.0,2.2,5000.0,33.0,90,50.0,16.0,2,0,0,android
56,Realme,Realme 9i 5G,14965,75.0,4.0,64.0,dimensity,dimensity,8.0,2.4,5000.0,18.0,90,50.0,8.0,3,1,0,android
57,Apple,Apple iPhone 14 Plus,74999,82.0,6.0,128.0,bionic,bionic,6.0,3.22,4325.0,,60,12.0,12.0,2,1,1,ios
58,Xiaomi,Xiaomi Redmi Note 10S,10999,78.0,6.0,64.0,helio,helio,8.0,2.05,5000.0,33.0,60,64.0,13.0,4,0,0,android
59,Samsung,Samsung Galaxy S23 Plus,84990,89.0,8.0,256.0,snapdragon,snapdragon,8.0,3.2,4700.0,45.0,120,50.0,12.0,3,1,1,android
60,Motorola,Motorola Moto G32,10499,75.0,4.0,64.0,snapdragon,snapdragon,8.0,2.4,5000.0,33.0,90,50.0,16.0,3,0,0,android
61,Xiaomi,Xiaomi Redmi Note 13 Pro 5G,17990,78.0,6.0,128.0,dimensity,dimensity,8.0,2.0,5000.0,67.0,120,108.0,16.0,3,1,1,android
62,Vivo,Vivo S16,29990,85.0,8.0,128.0,snapdragon,snapdragon,8.0,3.2,4600.0,66.0,120,64.0,50.0,3,1,1,android
63,Samsung,Samsung Galaxy A23,18499,79.0,6.0,128.0,snapdragon,snapdragon,8.0,2.4,5000.0,25.0,60,50.0,8.0,4,0,0,android
64,Vivo,Vivo Y22 (6GB RAM + 128GB),16499,75.0,6.0,128.0,helio,helio,8.0,2.0,5000.0,18.0,60,50.0,8.0,2,0,0,android
65,POCO,Poco M4 Pro 5G (6GB RAM + 128GB),14999,81.0,6.0,128.0,dimensity,dimensity,8.0,2.4,5000.0,33.0,90,50.0,16.0,2,1,0,android
66,Vivo,Vivo S16 Pro,35499,86.0,8.0,256.0,dimensity,dimensity,8.0,3.1,4600.0,66.0,120,50.0,50.0,3,1,1,android
67,OnePlus,OnePlus 10 Pro 5G,60999,89.0,8.0,128.0,snapdragon,snapdragon,8.0,3.0,5000.0,80.0,120,50.0,32.0,3,1,1,android
68,Xiaomi,Xiaomi Redmi Note 12 Pro Plus (12GB RAM + 256GB),32999,87.0,12.0,256.0,dimensity,dimensity,8.0,2.6,4980.0,120.0,120,200.0,16.0,3,1,0,android
69,Samsung,Samsung Galaxy F23 5G,15999,78.0,4.0,128.0,snapdragon,snapdragon,8.0,2.2,5000.0,25.0,120,50.0,8.0,3,1,1,android
70,Oppo,Oppo Find N Fold,99990,,8.0,256.0,snapdragon,snapdragon,8.0,3.2,5000.0,67.0,120,50.0,,2,1,1,other
71,Oppo,OPPO A17K,9499,62.0,3.0,64.0,helio,helio,8.0,2.3,5000.0,,60,8.0,5.0,1,0,0,android
72,Vivo,Vivo V23 5G (12GB RAM + 256GB),27994,86.0,12.0,256.0,dimensity,dimensity,8.0,2.5,4200.0,44.0,90,64.0,50.0,3,1,0,android
73,iQOO,iQOO Z6 Lite 5G,13989,75.0,4.0,64.0,snapdragon,snapdragon,8.0,2.0,5000.0,18.0,120,50.0,8.0,2,1,0,android
74,OnePlus,OnePlus 10T,44999,85.0,8.0,128.0,snapdragon,snapdragon,8.0,3.2,4800.0,150.0,120,50.0,16.0,3,1,1,android
75,Xiaomi,Xiaomi Redmi Note 10T 5G (6GB RAM +128GB),13999,79.0,6.0,128.0,dimensity,dimensity,8.0,2.2,5000.0,18.0,90,48.0,8.0,3,1,0,android
76,Gionee,Gionee G13 Pro,6190,,4.0,32.0,tiger,tiger,4.0,2.0,3500.0,,60,13.0,5.0,2,0,0,other
77,Apple,Apple iPhone 13 Pro,119900,83.0,6.0,128.0,bionic,bionic,6.0,3.22,3095.0,,120,12.0,12.0,3,1,1,ios
78,Oppo,OPPO F22 Pro,27660,83.0,8.0,128.0,snapdragon,snapdragon,8.0,2.2,4800.0,67.0,120,64.0,32.0,3,1,0,android
79,Samsung,Samsung Galaxy A34 5G,24999,75.0,6.0,128.0,exynos,exynos,8.0,,5000.0,33.0,90,48.0,13.0,4,1,1,android
80,Xiaomi,Xiaomi Redmi 10A (4GB RAM + 64GB),8388,66.0,4.0,64.0,helio,helio,8.0,2.0,5000.0,,60,13.0,5.0,1,0,0,android
81,Motorola,Motorola Moto G72 4G,15999,83.0,6.0,128.0,helio,helio,8.0,2.2,5000.0,33.0,120,108.0,16.0,3,0,1,android
82,Samsung,Samsung Galaxy A14 5G (8GB RAM + 128GB),20999,82.0,8.0,128.0,exynos,exynos,8.0,2.4,5000.0,15.0,90,50.0,13.0,3,1,0,android
83,Realme,Realme 9 5G,13999,75.0,4.0,64.0,dimensity,dimensity,8.0,2.4,5000.0,18.0,90,48.0,16.0,3,1,0,android
84,Vivo,Vivo T1 5G (8GB RAM + 128GB),19990,83.0,8.0,128.0,snapdragon,snapdragon,8.0,2.2,5000.0,18.0,120,50.0,16.0,3,1,0,android
85,Samsung,Samsung Galaxy M13 5G,13999,75.0,6.0,128.0,dimensity,dimensity,8.0,2.2,5000.0,15.0,90,50.0,5.0,2,1,0,android
86,Motorola,Motorola Edge 30 5G,22999,83.0,6.0,128.0,snapdragon,snapdragon,8.0,2.5,4020.0,33.0,144,50.0,32.0,3,1,1,android
87,Samsung,Samsung Galaxy A23 5G,22999,79.0,6.0,128.0,snapdragon,snapdragon,8.0,2.2,5000.0,25.0,120,50.0,8.0,4,1,0,android
88,Oppo,OPPO K10 5G,16999,79.0,8.0,128.0,dimensity,dimensity,8.0,2.4,5000.0,33.0,90,48.0,8.0,2,1,0,android
89,Xiaomi,Xiaomi Redmi Note 11 (6GB RAM + 128GB),14290,80.0,6.0,128.0,snapdragon,snapdragon,8.0,2.4,5000.0,33.0,90,50.0,13.0,4,0,0,android
90,Samsung,Samsung Galaxy A73 5G,41999,,8.0,128.0,snapdragon,snapdragon,8.0,2.4,5000.0,25.0,120,108.0,32.0,4,1,1,android
91,Vivo,Vivo Y21 2021,13489,69.0,4.0,64.0,helio,helio,8.0,2.3,5000.0,18.0,60,13.0,8.0,2,0,0,android
92,OnePlus,OnePlus Ace Racing Edition 5G,22990,83.0,8.0,128.0,dimensity,dimensity,8.0,2.85,5000.0,,120,64.0,16.0,3,1,1,android
93,Motorola,Motorola Moto G62 (8GB RAM + 128GB),16499,84.0,8.0,128.0,snapdragon,snapdragon,8.0,2.2,5000.0,,120,50.0,16.0,3,1,0,android
94,Vivo,Vivo X90 Pro Plus 5G,73999,,12.0,256.0,snapdragon,snapdragon,8.0,3.2,4700.0,80.0,120,50.3,32.0,4,1,1,android
95,Realme,Realme C33 (4GB RAM + 64GB),9999,67.0,4.0,64.0,unisoc,unisoc,8.0,1.8,5000.0,,60,50.0,5.0,2,0,0,android
96,Realme,Realme 9i,12499,75.0,4.0,64.0,snapdragon,snapdragon,8.0,2.4,5000.0,33.0,90,50.0,16.0,3,0,0,android
97,Oppo,OPPO A17,12499,72.0,4.0,64.0,helio,helio,8.0,2.3,5000.0,,60,50.0,5.0,2,0,0,android
98,iQOO,iQOO 11 5G,59999,88.0,8.0,256.0,snapdragon,snapdragon,8.0,3.2,5000.0,120.0,144,50.0,16.0,3,1,1,android
99,Vivo,Vivo X Fold 5G,106990,,12.0,256.0,snapdragon,snapdragon,8.0,3.0,4600.0,66.0,120,50.0,16.0,4,1,1,android
100,Vivo,Vivo T1 5G,15990,78.0,4.0,128.0,snapdragon,snapdragon,8.0,2.2,5000.0,18.0,120,50.0,16.0,3,1,0,android
101,Apple,Apple iPhone 14 Pro,119990,75.0,6.0,128.0,bionic,bionic,6.0,,3200.0,,120,48.0,12.0,3,1,1,ios
102,Xiaomi,Xiaomi Redmi Note 11 Pro Max 5G,19999,83.0,6.0,128.0,snapdragon,snapdragon,8.0,2.4,5200.0,33.0,120,108.0,32.0,4,1,0,android
103,Motorola,Motorola Moto S30 Pro,23990,83.0,8.0,128.0,snapdragon,snapdragon,8.0,2.9,4400.0,68.0,144,50.0,32.0,3,1,0,android
104,Realme,Realme 10s,12999,80.0,8.0,128.0,dimensity,dimensity,8.0,2.4,5000.0,33.0,90,50.0,8.0,2,1,0,android
105,Oppo,OPPO F19 Pro Plus 5G,19990,82.0,8.0,128.0,dimensity,dimensity,8.0,2.4,4310.0,50.0,60,48.0,16.0,4,1,0,android
106,Xiaomi,Xiaomi 13 Pro 5G,58990,,8.0,128.0,snapdragon,snapdragon,8.0,3.2,4820.0,120.0,120,50.3,32.0,3,1,1,android
107,Vivo,Vivo V27 Pro,43999,87.0,12.0,256.0,dimensity,dimensity,8.0,3.2,5000.0,120.0,144,108.0,32.0,3,1,0,android
108,Samsung,Samsung Galaxy S22 5G,49999,86.0,8.0,128.0,snapdragon,snapdragon,8.0,3.0,3700.0,25.0,120,50.0,10.0,3,1,1,android
109,Vivo,Vivo T1 44W (6GB RAM + 128GB),15999,79.0,6.0,128.0,snapdragon,snapdragon,8.0,2.4,5000.0,44.0,60,50.0,16.0,3,0,0,android
110,OnePlus,OnePlus 10R 5G (12GB RAM + 256GB),36999,87.0,12.0,256.0,dimensity,dimensity,8.0,2.85,5000.0,80.0,120,50.0,16.0,3,1,1,android
111,Tecno,Tecno Phantom X2,39999,85.0,8.0,256.0,dimensity,dimensity,8.0,3.05,5160.0,45.0,120,64.0,32.0,3,1,1,android
112,Apple,Apple iPhone 12,51999,74.0,4.0,64.0,bionic,bionic,6.0,3.1,,,60,12.0,12.0,2,1,1,ios
113,Xiaomi,Xiaomi Redmi K50i 5G,22999,82.0,6.0,128.0,dimensity,dimensity,8.0,2.85,5080.0,67.0,144,64.0,16.0,3,1,0,android
114,Samsung,Samsung Galaxy A53 5G,31999,87.0,6.0,128.0,exynos,exynos,8.0,2.4,5000.0,25.0,120,64.0,32.0,4,1,1,android
115,Xiaomi,Xiaomi Redmi A1,6171,,2.0,32.0,helio,helio,4.0,2.0,5000.0,10.0,60,8.0,5.0,2,0,0,android
116,Oppo,OPPO Reno8 5G,29340,83.0,8.0,128.0,dimensity,dimensity,8.0,3.0,4500.0,80.0,90,50.0,32.0,3,1,1,android
117,Samsung,Samsung Galaxy M53 5G (8GB RAM + 128GB),25289,87.0,8.0,128.0,dimensity,dimensity,8.0,2.4,5000.0,25.0,120,108.0,32.0,4,1,0,android
118,iQOO,iQOO Z6 Pro 5G,21788,78.0,6.0,128.0,snapdragon,snapdragon,8.0,2.4,4700.0,66.0,90,64.0,16.0,3,1,0,android
119,Tesla,Tesla Pi Phone,69999,83.0,16.0,512.0,,,8.0,,5000.0,120.0,165,50.0,32.0,3,1,1,android
120,Samsung,Samsung Galaxy S23,70990,88.0,8.0,128.0,snapdragon,snapdragon,8.0,3.2,3900.0,25.0,120,50.0,12.0,3,1,1,android
121,Motorola,Motorola Edge 30 Pro 5G,34999,89.0,8.0,128.0,snapdragon,snapdragon,8.0,3.0,4800.0,68.0,144,50.0,60.0,3,1,1,android
122,OnePlus,OnePlus Nord 2T (12GB RAM + 256GB),33900,85.0,12.0,256.0,dimensity,dimensity,8.0,3.0,4500.0,80.0,90,50.0,32.0,3,1,1,android
123,Google,Google Pixel 6A,29999,71.0,6.0,128.0,google,google,8.0,,4410.0,,60,12.2,8.0,2,1,1,android
124,Infinix,Infinix Note 12 Pro 5G,18999,84.0,8.0,128.0,dimensity,dimensity,8.0,2.4,5000.0,33.0,60,108.0,16.0,3,1,0,android
125,Samsung,Samsung Galaxy M33 5G (8GB RAM + 128GB),19499,84.0,8.0,128.0,exynos,exynos,8.0,2.4,6000.0,25.0,120,50.0,8.0,4,1,1,android
126,Vivo,Vivo V23 5G,24994,83.0,8.0,128.0,dimensity,dimensity,8.0,2.5,4200.0,44.0,90,64.0,50.0,3,1,0,android
127,Motorola,Motorola Moto G42,10999,78.0,4.0,64.0,snapdragon,snapdragon,8.0,2.4,5000.0,20.0,60,50.0,16.0,3,0,1,android
128,OnePlus,OnePlus Nord CE 2 Lite 5G (8GB RAM + 256GB),24999,85.0,8.0,256.0,snapdragon,snapdragon,8.0,2.2,5000.0,33.0,120,64.0,16.0,3,1,0,android
129,Samsung,Samsung Galaxy A33 5G,25999,82.0,6.0,128.0,exynos,exynos,8.0,2.4,5000.0,25.0,90,48.0,13.0,4,1,1,android
130,Google,Google Pixel 7A,34990,69.0,6.0,128.0,google,google,8.0,,4410.0,,90,12.2,8.0,2,1,1,android
131,Xiaomi,Xiaomi Redmi 11 Prime 5G,13466,74.0,4.0,64.0,dimensity,dimensity,8.0,2.2,5000.0,18.0,90,50.0,5.0,2,1,0,android
132,Xiaomi,Xiaomi Redmi Note 10 Lite,9999,76.0,4.0,64.0,snapdragon,snapdragon,8.0,2.3,5020.0,18.0,60,48.0,16.0,4,0,0,android
133,Motorola,Motorola Moto E40,7999,71.0,4.0,64.0,tiger,tiger,8.0,1.8,5000.0,,90,48.0,8.0,3,0,0,android
134,Nothing,Nothing Phone 1 (8GB RAM + 256GB),28249,86.0,8.0,256.0,snapdragon,snapdragon,8.0,2.5,4500.0,33.0,120,50.0,16.0,2,1,1,android
135,POCO,Poco X4 Pro 5G (6GB RAM + 128GB),16499,82.0,6.0,128.0,snapdragon,snapdragon,8.0,2.2,5000.0,67.0,120,64.0,16.0,3,1,0,android
136,Xiaomi,Xiaomi Redmi Note 11 Pro Plus 5G (8GB RAM + 256GB),22999,87.0,8.0,256.0,snapdragon,snapdragon,8.0,2.2,5000.0,67.0,120,108.0,16.0,3,1,0,android
137,Apple,Apple iPhone 11 (128GB),46999,75.0,4.0,128.0,bionic,bionic,6.0,2.65,3110.0,,60,12.0,12.0,2,0,1,ios
138,Realme,Realme C35 (6GB RAM + 128GB),13999,74.0,6.0,128.0,tiger,tiger,8.0,1.8,5000.0,18.0,90,50.0,8.0,3,0,0,android
139,Oppo,OPPO K10,13490,78.0,6.0,128.0,snapdragon,snapdragon,8.0,2.4,5000.0,33.0,90,50.0,16.0,3,0,0,android
140,iQOO,iQOO Neo 6 5G,28999,82.0,8.0,128.0,snapdragon,snapdragon,8.0,3.2,4700.0,80.0,120,64.0,16.0,3,1,0,android
141,iQOO,iQOO Z6 5G,15499,78.0,4.0,128.0,snapdragon,snapdragon,8.0,2.2,5000.0,18.0,120,50.0,16.0,3,1,0,android
142,Oppo,OPPO Reno 9 Pro 5G,39999,86.0,16.0,256.0,dimensity,dimensity,8.0,2.85,4500.0,67.0,120,50.0,32.0,2,1,1,android
143,POCO,Poco M4 Pro 5G,12999,76.0,4.0,64.0,dimensity,dimensity,8.0,2.4,5000.0,33.0,90,50.0,16.0,2,1,0,android
144,Jio,Jio Phone 3,4499,,2.0,64.0,,,4.0,1.4,2800.0,,60,5.0,2.0,1,0,0,android
145,OnePlus,OnePlus Clover,14999,69.0,4.0,64.0,snapdragon,snapdragon,8.0,1.8,6000.0,18.0,60,13.0,8.0,3,0,0,android
146,Samsung,Samsung Galaxy F04,8499,68.0,4.0,64.0,helio,helio,8.0,2.3,5000.0,15.0,60,13.0,5.0,2,0,0,android
147,iQOO,iQOO 7,24990,83.0,8.0,128.0,snapdragon,snapdragon,8.0,3.2,4400.0,66.0,120,48.0,16.0,3,1,1,android
148,Samsung,Samsung Galaxy M34 5G,16999,84.0,6.0,128.0,exynos,exynos,8.0,2.4,6000.0,25.0,120,64.0,32.0,4,1,1,android
149,Xiaomi,Xiaomi Redmi 10,9589,71.0,4.0,64.0,snapdragon,snapdragon,8.0,2.4,6000.0,18.0,60,50.0,5.0,2,0,0,android
150,Apple,Apple iPhone 12 Mini,40999,74.0,4.0,64.0,bionic,bionic,6.0,3.1,,,60,12.0,12.0,2,1,1,ios
151,Xiaomi,Xiaomi Redmi Note 12 (6GB RAM + 128GB),19988,79.0,6.0,128.0,snapdragon,snapdragon,8.0,2.0,5000.0,33.0,120,48.0,13.0,3,1,0,android
152,Motorola,Motorola Moto G52,11999,75.0,4.0,64.0,snapdragon,snapdragon,8.0,2.4,5000.0,33.0,90,50.0,16.0,3,0,1,android
153,Apple,Apple iPhone 15 Pro Max,142990,79.0,8.0,256.0,bionic,bionic,,,4352.0,25.0,120,50.0,12.0,3,1,1,ios
154,Oppo,Oppo A98,30990,87.0,8.0,128.0,snapdragon,snapdragon,8.0,3.0,5000.0,67.0,120,108.0,16.0,2,1,1,android
155,Infinix,Infinix Zero 5G 2023,19499,85.0,8.0,256.0,dimensity,dimensity,8.0,2.6,5000.0,33.0,120,50.0,16.0,3,1,0,android
156,Realme,Realme C30,5299,,2.0,32.0,tiger,tiger,8.0,1.82,5000.0,,60,8.0,5.0,1,0,0,android
157,Oppo,OPPO F21 Pro 5G,25969,82.0,8.0,128.0,snapdragon,snapdragon,8.0,2.2,4500.0,33.0,60,64.0,16.0,3,1,0,android
158,Realme,Realme 11 Pro,28999,82.0,6.0,128.0,snapdragon,snapdragon,8.0,3.0,5000.0,65.0,120,64.0,32.0,3,1,0,android
159,Oppo,Oppo Find N2 5G,94990,,12.0,256.0,snapdragon,snapdragon,8.0,3.2,4520.0,67.0,120,50.0,32.0,3,1,1,
160,Realme,Realme 9 4G,14999,81.0,6.0,128.0,snapdragon,snapdragon,8.0,2.4,5000.0,33.0,90,108.0,16.0,3,0,0,android
161,Cola,Cola Phone,14999,74.0,4.0,64.0,helio,helio,8.0,2.2,5000.0,33.0,90,50.0,16.0,2,0,0,android
162,Apple,Apple iPhone 13 Pro Max,129900,84.0,6.0,128.0,bionic,bionic,6.0,3.22,4352.0,,120,12.0,12.0,3,1,1,ios
163,Oppo,Oppo Reno 10 Pro Plus,58990,88.0,12.0,256.0,snapdragon,snapdragon,8.0,3.2,4700.0,80.0,120,64.0,32.0,4,1,1,android
164,Vivo,Vivo X90 5G,41990,88.0,8.0,128.0,dimensity,dimensity,8.0,3.05,4810.0,120.0,120,50.0,32.0,3,1,1,android
165,Samsung,Samsung Galaxy F13,10999,74.0,4.0,64.0,exynos,exynos,8.0,2.0,6000.0,15.0,60,50.0,8.0,3,0,1,android
166,Xiaomi,Xiaomi Redmi Note 10S (6GB RAM + 128GB),11999,79.0,6.0,128.0,helio,helio,8.0,2.05,5000.0,33.0,60,64.0,13.0,4,0,0,android
167,Realme,Realme 10 (8GB RAM + 128GB),16999,79.0,8.0,128.0,helio,helio,8.0,2.2,5000.0,33.0,90,50.0,16.0,2,0,0,android
168,iQOO,iQOO 9 SE 5G,30990,83.0,8.0,128.0,snapdragon,snapdragon,8.0,2.84,4500.0,66.0,120,48.0,16.0,3,1,1,android
169,Infinix,Infinix Hot 20,17999,75.0,4.0,64.0,dimensity,dimensity,8.0,2.4,5000.0,18.0,120,50.0,8.0,2,1,0,android
170,Letv,Letv Y1 Pro,5499,,4.0,32.0,tiger,tiger,4.0,2.0,4000.0,,60,8.0,5.0,2,0,0,android
171,Xiaomi,Xiaomi Redmi Note 13 Pro Max 5G,20499,83.0,6.0,128.0,snapdragon,snapdragon,8.0,2.36,5200.0,67.0,120,108.0,32.0,4,1,0,android
172,Realme,Realme Narzo 50 Pro 5G,20490,81.0,6.0,128.0,dimensity,dimensity,8.0,2.5,5000.0,33.0,90,48.0,16.0,3,1,0,android
173,Oppo,OPPO A74 5G,15490,77.0,6.0,128.0,snapdragon,snapdragon,8.0,2.0,5000.0,18.0,90,48.0,8.0,3,1,0,android
174,Apple,Apple iPhone 9,29990,61.0,3.0,64.0,bionic,bionic,6.0,2.65,2050.0,,60,12.0,7.0,1,0,1,ios
175,iQOO,iQOO Z6 Lite (6GB RAM + 128GB),15499,79.0,6.0,128.0,snapdragon,snapdragon,8.0,2.0,5000.0,18.0,120,50.0,8.0,2,1,0,android
176,Xiaomi,Xiaomi Redmi Note 11SE,11999,80.0,6.0,64.0,helio,helio,8.0,2.05,5000.0,33.0,60,64.0,13.0,4,0,0,android
177,Realme,Realme Narzo 50,10999,74.0,4.0,64.0,helio,helio,8.0,2.0,5000.0,33.0,120,50.0,16.0,3,0,0,android
178,Vivo,Vivo Y75 5G,21990,82.0,8.0,128.0,dimensity,dimensity,8.0,2.2,5000.0,18.0,60,50.0,16.0,3,1,0,android
179,Vivo,Vivo V25 (12GB RAM + 256GB),31999,85.0,12.0,256.0,dimensity,dimensity,8.0,2.0,4500.0,44.0,90,64.0,50.0,3,1,0,android
180,POCO,POCO M4 Pro 4G,11999,77.0,6.0,64.0,helio,helio,8.0,2.05,5000.0,33.0,90,64.0,16.0,3,0,0,android
181,Infinix,Infinix Zero Ultra,36999,89.0,8.0,256.0,dimensity,dimensity,8.0,2.5,4500.0,180.0,120,200.0,32.0,3,1,0,android
182,Tecno,Tecno Spark Go 2023,6999,62.0,3.0,32.0,helio,helio,4.0,2.0,5000.0,10.0,60,13.0,5.0,2,0,0,android
183,Motorola,Motorola Moto X40,39999,89.0,8.0,128.0,snapdragon,snapdragon,8.0,3.2,4600.0,125.0,165,50.0,60.0,3,1,1,android
184,Samsung,Samsung Galaxy F24 5G,14999,78.0,4.0,128.0,snapdragon,snapdragon,8.0,2.2,5000.0,25.0,120,50.0,8.0,3,1,1,android
185,Realme,Realme 10 5G,14499,79.0,8.0,128.0,dimensity,dimensity,8.0,2.2,5000.0,33.0,90,50.0,8.0,3,1,0,android
186,OnePlus,OnePlus Nord 3 5G,27999,84.0,8.0,128.0,dimensity,dimensity,8.0,3.1,4200.0,120.0,90,50.0,32.0,3,1,1,android
187,Motorola,Motorola Moto G82 (8GB RAM + 128GB),20499,86.0,8.0,128.0,snapdragon,snapdragon,8.0,2.2,5000.0,30.0,120,50.0,16.0,3,1,1,android
188,Ikall,iKall Z19 Pro,8099,60.0,4.0,64.0,,,4.0,1.6,5000.0,,60,13.0,8.0,1,0,0,android
189,Leeco,LeEco S1 Pro,10999,65.0,8.0,128.0,tiger,tiger,4.0,1.8,5000.0,10.0,60,13.0,5.0,2,0,0,android
190,Realme,Realme C2s,3499,63.0,3.0,32.0,helio,helio,8.0,2.0,4000.0,,60,13.0,5.0,2,0,0,android
191,Duoqin,Duoqin F22 Pro,9990,,4.0,64.0,helio,helio,8.0,2.0,2150.0,,60,8.0,2.0,1,0,0,android
192,Samsung,Samsung Galaxy M54 5G,34999,85.0,6.0,128.0,snapdragon,snapdragon,8.0,2.84,6000.0,25.0,90,64.0,32.0,3,1,0,android
193,Nokia,Nokia N73 5G,46999,,12.0,256.0,snapdragon,snapdragon,8.0,3.0,6000.0,65.0,120,200.0,32.0,1,1,0,android
194,Motorola,Motorola Edge 30 Fusion 5G,39999,88.0,8.0,128.0,snapdragon,snapdragon,8.0,2.9,4400.0,68.0,144,50.0,32.0,3,1,1,android
195,Realme,Realme C35,11828,70.0,4.0,64.0,tiger,tiger,8.0,1.8,5000.0,18.0,60,50.0,8.0,3,0,0,android
196,Oppo,OPPO Reno 8 Pro House of Dragon Edition,45999,86.0,12.0,256.0,dimensity,dimensity,8.0,2.85,4500.0,80.0,120,50.0,32.0,3,1,1,android
197,OnePlus,OnePlus Nord CE 3 Lite 5G,18999,81.0,6.0,128.0,snapdragon,snapdragon,8.0,2.2,5000.0,33.0,120,50.0,16.0,3,1,0,android
198,POCO,Poco X4 Pro 5G (8GB RAM + 128GB),17999,84.0,8.0,128.0,snapdragon,snapdragon,8.0,2.2,5000.0,67.0,120,64.0,16.0,3,1,0,android
199,Samsung,Samsung Galaxy M04,8499,66.0,4.0,64.0,helio,helio,8.0,2.3,5000.0,15.0,60,13.0,5.0,2,0,0,android
200,Oppo,OPPO A77s,17999,76.0,8.0,128.0,snapdragon,snapdragon,8.0,2.4,5000.0,33.0,90,50.0,8.0,2,0,0,android
201,Samsung,Samsung Galaxy A13,14450,75.0,4.0,64.0,,,8.0,2.0,5000.0,25.0,60,50.0,8.0,4,0,0,android
202,Motorola,Motorola Edge 30 Ultra,54999,,8.0,128.0,snapdragon,snapdragon,8.0,3.2,4610.0,125.0,144,200.0,60.0,3,1,1,android
203,Xiaomi,Xiaomi 13 Ultra 5G,71999,,12.0,256.0,snapdragon,snapdragon,8.0,3.2,5000.0,120.0,120,108.0,32.0,4,1,1,android
204,Motorola,Motorola Moto G52 (6GB RAM + 128GB),12999,79.0,6.0,128.0,snapdragon,snapdragon,8.0,2.4,5000.0,33.0,90,50.0,16.0,3,0,1,android
205,POCO,Poco M4 5G,11499,75.0,4.0,64.0,dimensity,dimensity,8.0,2.2,5000.0,18.0,90,50.0,8.0,2,1,0,android
206,Nothing,Nothing Phone 1 (12GB RAM + 256GB),35999,87.0,12.0,256.0,snapdragon,snapdragon,8.0,2.5,4500.0,33.0,120,50.0,16.0,2,1,1,android
207,Samsung,Samsung Galaxy A54 5G,34999,76.0,6.0,128.0,exynos,exynos,8.0,,5000.0,25.0,120,50.0,32.0,3,1,1,android
208,Tecno,Tecno Pova 4,11999,73.0,8.0,128.0,helio,helio,8.0,2.2,6000.0,18.0,90,50.0,8.0,2,0,0,android
209,Xiaomi,Xiaomi Redmi Note 12 Pro (8GB RAM + 256GB),27994,82.0,8.0,256.0,dimensity,dimensity,8.0,2.6,5000.0,67.0,120,50.0,16.0,3,1,0,android
210,Apple,Apple iPhone 14 Pro Max (256GB),139990,77.0,6.0,256.0,bionic,bionic,6.0,,4323.0,,120,48.0,12.0,3,1,1,ios
211,Vivo,Vivo V25 Pro (12GB RAM + 256GB),39999,86.0,12.0,256.0,dimensity,dimensity,8.0,3.0,4830.0,66.0,120,64.0,32.0,3,1,0,android
212,Realme,Realme 9 5G (6GB RAM + 128GB),15499,79.0,6.0,128.0,dimensity,dimensity,8.0,2.4,5000.0,18.0,90,48.0,16.0,3,1,0,android
213,Realme,Realme 9 Pro 5G,18999,80.0,6.0,128.0,snapdragon,snapdragon,8.0,2.2,5000.0,33.0,120,64.0,16.0,3,1,0,android
214,Lava,Lava Blaze 5G,10999,73.0,4.0,128.0,dimensity,dimensity,8.0,2.2,5000.0,,90,50.0,8.0,3,1,0,android
215,Honor,Honor X9a,27999,81.0,8.0,256.0,snapdragon,snapdragon,8.0,2.2,5100.0,40.0,120,64.0,16.0,3,1,1,android
216,Google,Google Pixel 7 Pro 5G,81999,,12.0,128.0,google,google,8.0,2.85,5000.0,30.0,120,50.0,10.8,3,1,1,android
217,Tecno,Tecno Pova 3,9999,74.0,4.0,64.0,helio,helio,8.0,2.0,7000.0,33.0,90,50.0,8.0,3,0,0,android
218,Vivo,Vivo V23 Pro 5G,31994,85.0,8.0,128.0,dimensity,dimensity,8.0,3.0,4300.0,44.0,90,108.0,50.0,3,1,0,android
219,Samsung,Samsung Galaxy A04e,9299,65.0,3.0,32.0,helio,helio,8.0,2.3,5000.0,,60,13.0,5.0,2,0,0,android
220,Xiaomi,Xiaomi Redmi K60,29990,84.0,8.0,128.0,snapdragon,snapdragon,8.0,3.2,5500.0,67.0,120,64.0,16.0,3,1,1,android
221,Realme,Realme 9 Pro Plus 5G,25900,78.0,6.0,128.0,dimensity,dimensity,8.0,2.5,4500.0,60.0,90,50.0,16.0,3,1,0,android
222,Realme,Realme 9i 5G (6GB RAM + 128GB),16999,78.0,6.0,128.0,dimensity,dimensity,8.0,2.4,5000.0,18.0,90,50.0,8.0,3,1,0,android
223,Motorola,Motorola Edge 30 5G (8GB RAM + 128GB),24999,85.0,8.0,128.0,snapdragon,snapdragon,8.0,2.5,4020.0,33.0,144,50.0,32.0,3,1,1,android
224,Xiaomi,Xiaomi Redmi Note 11 (6GB RAM + 64GB),12188,79.0,6.0,64.0,snapdragon,snapdragon,8.0,2.4,5000.0,33.0,90,50.0,13.0,4,0,0,android
225,Vivo,Vivo Y02,8999,,3.0,32.0,helio,helio,8.0,,5000.0,10.0,60,8.0,5.0,1,0,0,android
226,POCO,POCO C31 (4GB RAM + 64GB),7499,68.0,4.0,64.0,helio,helio,8.0,2.3,5000.0,,60,13.0,5.0,3,0,0,android
227,Realme,Realme Narzo 50 5G,17999,79.0,6.0,128.0,dimensity,dimensity,8.0,2.4,5000.0,33.0,90,48.0,16.0,3,1,0,android
228,Realme,Realme GT Neo 3T,24999,79.0,6.0,128.0,snapdragon,snapdragon,8.0,3.2,5000.0,80.0,120,64.0,16.0,3,1,0,android
229,Oppo,OPPO Reno 8 Pro 5G,45999,86.0,12.0,256.0,dimensity,dimensity,8.0,2.85,4500.0,80.0,120,50.0,32.0,3,1,1,android
230,OnePlus,OnePlus 10 Pro 5G (12GB RAM + 256GB),65499,,12.0,256.0,snapdragon,snapdragon,8.0,3.0,5000.0,80.0,120,50.0,32.0,3,1,1,android
231,iQOO,iQOO 11 Pro 5G,58990,89.0,8.0,256.0,snapdragon,snapdragon,8.0,3.2,4700.0,200.0,144,50.0,16.0,3,1,1,android
232,Vivo,Vivo T1x 4G,11999,74.0,4.0,64.0,snapdragon,snapdragon,8.0,2.4,5000.0,18.0,90,50.0,8.0,2,0,0,android
233,Xiaomi,Xiaomi Redmi 10 Power,11999,77.0,8.0,128.0,snapdragon,snapdragon,8.0,2.4,6000.0,18.0,60,50.0,5.0,2,0,0,android
234,Oppo,OPPO A58,18990,76.0,6.0,128.0,dimensity,dimensity,8.0,2.2,5000.0,33.0,90,50.0,8.0,2,1,0,android
235,Vivo,Vivo T1 44W,14499,77.0,4.0,128.0,snapdragon,snapdragon,8.0,2.4,5000.0,44.0,60,50.0,16.0,3,0,0,android
236,Xiaomi,Xiaomi Mix Fold 2 5G,106990,,12.0,256.0,snapdragon,snapdragon,8.0,3.2,4500.0,67.0,120,50.0,20.0,3,1,1,android
237,Vivo,Vivo Y16 (3GB RAM + 64GB),10499,66.0,3.0,64.0,helio,helio,8.0,2.3,5000.0,10.0,60,13.0,5.0,2,0,0,android
238,Oppo,OPPO Reno 8 Z,26990,86.0,8.0,256.0,snapdragon,snapdragon,8.0,2.2,4500.0,33.0,60,64.0,16.0,3,1,1,android
239,Vivo,Vivo Y75 4G,19990,82.0,8.0,128.0,helio,helio,8.0,2.05,4050.0,44.0,60,50.0,44.0,3,0,0,android
240,Xiaomi,Xiaomi Redmi Note 12 Explorer,24999,89.0,8.0,256.0,dimensity,dimensity,8.0,2.6,4300.0,120.0,120,200.0,16.0,3,1,1,android
241,Oppo,OPPO A57 4G (4GB RAM + 64 GB),13969,69.0,4.0,64.0,helio,helio,8.0,2.3,5000.0,33.0,60,13.0,8.0,2,0,0,android
242,Samsung,Samsung Galaxy A75 5G,44999,83.0,8.0,128.0,snapdragon,snapdragon,8.0,,5000.0,67.0,120,108.0,32.0,4,1,1,android
243,Vivo,Vivo T1 Pro 5G (8GB RAM + 128GB),24999,84.0,8.0,128.0,snapdragon,snapdragon,8.0,2.4,4700.0,66.0,90,64.0,16.0,3,1,0,android
244,Google,Google Pixel 7 5G,53100,86.0,8.0,128.0,google,google,8.0,2.85,4355.0,30.0,90,50.0,10.8,2,1,1,android
245,Xiaomi,Xiaomi Redmi Note 11T 5G (6GB RAM + 128GB),16999,81.0,6.0,128.0,dimensity,dimensity,8.0,2.4,5000.0,33.0,90,50.0,16.0,2,1,0,android
246,Oppo,OPPO F21s Pro 4G,21899,82.0,8.0,128.0,snapdragon,snapdragon,8.0,2.4,4500.0,33.0,90,64.0,32.0,3,0,0,android
247,Apple,Apple iPhone 14 (256GB),75999,82.0,6.0,256.0,bionic,bionic,6.0,3.22,3279.0,,60,12.0,12.0,2,1,1,ios
248,Motorola,Motorola Moto G73,25999,85.0,8.0,256.0,dimensity,dimensity,8.0,2.2,5000.0,30.0,120,50.0,16.0,2,1,1,android
249,Nubia,Nubia Red Magic 8 Pro 5G,46990,84.0,8.0,128.0,snapdragon,snapdragon,8.0,3.2,6000.0,80.0,120,50.0,16.0,3,1,1,android
250,Motorola,Motorola Moto G31,9999,75.0,4.0,64.0,helio,helio,8.0,2.0,5000.0,20.0,60,50.0,13.0,3,0,0,android
251,Tecno,Tecno Phantom X2 Pro,49999,89.0,12.0,256.0,dimensity,dimensity,8.0,3.05,5160.0,45.0,120,50.0,32.0,3,1,1,android
252,Infinix,Infinix Zero 20,17999,87.0,8.0,128.0,helio,helio,8.0,2.2,4500.0,45.0,90,108.0,60.0,3,0,1,android
253,iQOO,iQOO Z6 5G (6GB RAM + 128GB),16940,80.0,6.0,128.0,snapdragon,snapdragon,8.0,2.2,5000.0,18.0,120,50.0,16.0,3,1,0,android
254,Xiaomi,Xiaomi Redmi Note 11 Pro 5G,17990,81.0,6.0,64.0,snapdragon,snapdragon,8.0,2.2,5000.0,67.0,120,108.0,16.0,3,1,0,android
255,Oppo,OPPO A1 Pro,20990,84.0,8.0,128.0,snapdragon,snapdragon,8.0,2.2,4800.0,67.0,120,108.0,16.0,2,1,1,android
256,Samsung,Samsung Galaxy S22 FE 5G,51999,79.0,8.0,128.0,exynos,exynos,8.0,,4200.0,33.0,120,12.0,32.0,3,1,1,android
257,Samsung,Samsung Galaxy S22 Plus 5G,64449,87.0,8.0,128.0,snapdragon,snapdragon,8.0,3.0,4500.0,45.0,120,50.0,10.0,3,1,1,android
258,Vivo,Vivo U3x,8990,71.0,6.0,64.0,snapdragon,snapdragon,8.0,2.0,5000.0,18.0,90,13.0,8.0,2,1,0,android
259,Motorola,Motorola Moto G23,19999,77.0,4.0,128.0,helio,helio,8.0,2.0,5000.0,30.0,90,50.0,16.0,3,0,1,android
260,POCO,Poco M4 5G (6GB RAM + 128GB),13499,79.0,6.0,128.0,dimensity,dimensity,8.0,2.2,5000.0,18.0,90,50.0,8.0,2,1,0,android
261,Tecno,Tecno Pova 5G,15499,78.0,8.0,128.0,dimensity,dimensity,8.0,2.4,6000.0,18.0,120,50.0,16.0,3,1,0,android
262,POCO,POCO C31,6499,65.0,3.0,32.0,helio,helio,8.0,2.3,5000.0,,60,13.0,5.0,3,0,0,android
263,Apple,Apple iPhone XR2,71999,60.0,4.0,64.0,bionic,bionic,,,3060.0,,60,12.0,7.0,2,0,1,ios
264,Samsung,Samsung Galaxy A53 (8GB RAM + 256GB),36499,89.0,8.0,256.0,exynos,exynos,8.0,2.4,5000.0,25.0,120,64.0,32.0,4,1,1,android
265,Infinix,Infinix Note 12 5G,15999,78.0,6.0,64.0,dimensity,dimensity,8.0,2.4,5000.0,33.0,60,50.0,16.0,3,1,0,android
266,Oppo,OPPO Reno7 Pro 5G,31994,87.0,12.0,256.0,dimensity,dimensity,8.0,3.0,4500.0,65.0,90,50.0,32.0,3,1,1,android
267,OnePlus,OnePlus Ace 2,34999,84.0,8.0,128.0,snapdragon,snapdragon,8.0,3.2,5000.0,100.0,120,50.0,16.0,3,1,1,android
268,Redmi,Redmi Note 11 Pro 2023,18999,81.0,6.0,128.0,snapdragon,snapdragon,8.0,2.3,5000.0,67.0,120,108.0,16.0,4,0,0,android
269,Nothing,Nothing Phone 2,39990,88.0,8.0,128.0,snapdragon,snapdragon,8.0,3.2,4700.0,66.0,120,50.0,32.0,3,1,1,android
270,Samsung,Samsung Galaxy A32 (8GB RAM + 128GB),16499,82.0,8.0,128.0,helio,helio,8.0,2.0,5000.0,15.0,90,64.0,20.0,4,0,0,android
271,Google,Google Pixel 6 Pro,54300,89.0,12.0,128.0,google,google,8.0,2.8,5003.0,30.0,120,50.0,11.1,3,1,1,android
272,Infinix,Infinix Note 12i (2022),9999,73.0,4.0,64.0,helio,helio,8.0,2.0,5000.0,33.0,60,50.0,8.0,3,0,0,android
273,Xiaomi,Xiaomi Redmi 11 Prime 5G (6GB RAM + 128GB),15990,77.0,6.0,128.0,dimensity,dimensity,8.0,2.2,5000.0,18.0,90,50.0,5.0,2,1,0,android
274,Xiaomi,Xiaomi Redmi Note 11 Pro Plus 5G (8GB RAM + 128GB),22700,86.0,8.0,128.0,snapdragon,snapdragon,8.0,2.2,5000.0,67.0,120,108.0,16.0,3,1,0,android
275,Xiaomi,Xiaomi 12 Pro 5G,50990,89.0,8.0,256.0,snapdragon,snapdragon,8.0,3.0,4600.0,120.0,120,50.0,32.0,3,1,1,android
276,Apple,Apple iPhone 13 Mini,64900,79.0,4.0,128.0,bionic,bionic,6.0,3.22,2438.0,,60,12.0,12.0,2,1,1,ios
277,Tecno,Tecno Pova 3 (6GB RAM + 128GB),13799,77.0,6.0,128.0,helio,helio,8.0,2.0,7000.0,33.0,90,50.0,8.0,3,0,0,android
278,Realme,Realme C31 (4GB RAM + 64GB),8999,65.0,4.0,64.0,tiger,tiger,8.0,1.82,5000.0,,60,13.0,5.0,3,0,0,android
279,Asus,Asus ROG Phone 6 Pro 5G,89999,88.0,18.0,512.0,snapdragon,snapdragon,8.0,3.2,6000.0,65.0,165,50.0,12.0,3,1,1,android
280,Vivo,Vivo V23e 5G,21994,84.0,8.0,128.0,dimensity,dimensity,8.0,2.4,4050.0,44.0,60,50.0,44.0,3,1,0,android
281,Apple,Apple iPhone 14 Mini,69990,70.0,6.0,128.0,bionic,bionic,,,3500.0,,60,12.0,12.0,2,0,1,ios
282,Xiaomi,Xiaomi Redmi Note 10T 5G,12999,75.0,4.0,64.0,dimensity,dimensity,8.0,2.2,5000.0,18.0,90,48.0,8.0,3,1,0,android
283,iQOO,iQOO Neo 7 SE 5G,24990,83.0,8.0,128.0,dimensity,dimensity,8.0,3.1,5000.0,120.0,120,64.0,16.0,3,1,1,android
284,Samsung,Samsung Galaxy A23 (8GB RAM + 128GB),19990,82.0,8.0,128.0,snapdragon,snapdragon,8.0,2.4,5000.0,25.0,60,50.0,8.0,4,0,0,android
285,Xiaomi,Xiaomi Redmi Note 12 Pro (8GB RAM + 128GB),26999,82.0,8.0,128.0,dimensity,dimensity,8.0,2.6,5000.0,67.0,120,50.0,16.0,3,1,0,android
286,Xiaomi,Xiaomi Redmi Note 12 Turbo,19999,81.0,8.0,128.0,snapdragon,snapdragon,8.0,2.4,5000.0,67.0,120,50.0,16.0,3,1,1,android
287,Infinix,Infinix Note 12 Pro,16900,83.0,8.0,256.0,helio,helio,8.0,2.2,5000.0,33.0,60,108.0,16.0,3,0,0,android
288,Infinix,Infinix Hot 20 (6GB RAM+ 128GB),19999,78.0,6.0,128.0,dimensity,dimensity,8.0,2.4,5000.0,18.0,120,50.0,8.0,2,1,0,android
289,Apple,Apple iPhone 14 Pro Max (1TB),182999,78.0,6.0,1024.0,bionic,bionic,6.0,,4323.0,,120,48.0,12.0,3,1,1,ios
290,Samsung,Samsung Galaxy M13,12999,75.0,6.0,128.0,exynos,exynos,8.0,2.0,6000.0,15.0,60,50.0,8.0,3,0,0,android
291,POCO,Poco M4 Pro 5G (8GB RAM + 128GB),15999,82.0,8.0,128.0,dimensity,dimensity,8.0,2.4,5000.0,33.0,90,50.0,16.0,2,1,0,android
292,Xiaomi,Xiaomi Redmi Note 10S (8GB RAM + 128GB),13999,82.0,8.0,128.0,helio,helio,8.0,2.05,5000.0,33.0,60,64.0,13.0,4,0,0,android
293,Realme,Realme C11 2021 (4GB RAM + 64GB),7749,61.0,4.0,64.0,sc9863a,sc9863a,8.0,1.6,5000.0,,60,8.0,5.0,1,0,0,android
294,Samsung,Samsung Galaxy A23 5G (8GB RAM + 128GB),24999,81.0,8.0,128.0,snapdragon,snapdragon,8.0,2.2,5000.0,25.0,120,50.0,8.0,4,1,0,android
295,Motorola,Motorola Edge 30 Ultra (12GB RAM + 256GB),59999,,12.0,256.0,snapdragon,snapdragon,8.0,3.2,4610.0,125.0,144,200.0,60.0,3,1,1,android
296,Oppo,OPPO F21s Pro,25895,82.0,8.0,128.0,snapdragon,snapdragon,8.0,2.2,4500.0,33.0,60,64.0,16.0,3,1,0,android
297,Xiaomi,Xiaomi 13 5G,46990,89.0,8.0,128.0,snapdragon,snapdragon,8.0,3.2,4500.0,67.0,120,50.0,32.0,3,1,1,android
298,Xiaomi,Xiaomi Redmi 10A,7499,64.0,3.0,32.0,helio,helio,8.0,2.0,5000.0,,60,13.0,5.0,1,0,0,android
299,Vivo,Vivo Y01A,7790,60.0,2.0,32.0,helio,helio,8.0,2.3,5000.0,10.0,60,8.0,5.0,1,0,0,android
300,Xiaomi,Xiaomi Redmi K50i (8GB RAM + 256GB),25999,85.0,8.0,256.0,dimensity,dimensity,8.0,2.85,5080.0,67.0,144,64.0,16.0,3,1,0,android
301,Realme,Realme C30 (3GB RAM + 32GB),6299,60.0,3.0,32.0,tiger,tiger,8.0,1.82,5000.0,,60,8.0,5.0,1,0,0,android
302,Motorola,Motorola Moto G51 5G,12999,77.0,4.0,64.0,snapdragon,snapdragon,8.0,2.2,5000.0,,120,50.0,13.0,3,1,1,android
303,Xiaomi,Xiaomi Redmi 10 (6GB RAM + 128GB),11999,75.0,6.0,128.0,snapdragon,snapdragon,8.0,2.4,6000.0,18.0,60,50.0,5.0,2,0,0,android
304,Xiaomi,Xiaomi Mi 11 Lite NE 5G,21890,83.0,6.0,128.0,snapdragon,snapdragon,8.0,2.4,4250.0,33.0,90,64.0,20.0,3,1,1,android
305,Samsung,Samsung Galaxy Z Flip 3,69999,84.0,8.0,128.0,snapdragon,snapdragon,8.0,2.84,3300.0,15.0,120,12.0,10.0,2,1,1,
306,Apple,Apple iPhone 12 (128GB),55999,75.0,4.0,128.0,bionic,bionic,6.0,3.1,,,60,12.0,12.0,2,1,1,ios
307,OnePlus,OnePlus 10T (16GB RAM + 256GB),55999,87.0,16.0,256.0,snapdragon,snapdragon,8.0,3.2,4800.0,150.0,120,50.0,16.0,3,1,1,android
308,Samsung,Samsung Galaxy A13 (4GB RAM + 128GB),14999,75.0,4.0,128.0,,,8.0,2.0,5000.0,25.0,60,50.0,8.0,4,0,0,android
309,Oppo,OPPO Reno7 5G,25994,85.0,8.0,256.0,dimensity,dimensity,8.0,2.0,4500.0,65.0,90,64.0,32.0,3,1,1,android
310,OnePlus,OnePlus 9RT 5G,42999,85.0,8.0,128.0,snapdragon,snapdragon,8.0,2.84,4500.0,,120,50.0,16.0,3,1,1,android
311,Samsung,Samsung Galaxy A53 5G (8GB RAM + 128GB),33499,89.0,8.0,128.0,exynos,exynos,8.0,2.4,5000.0,25.0,120,64.0,32.0,4,1,1,android
312,Samsung,Samsung Galaxy S22 Ultra 5G (12GB RAM + 512GB),118999,,12.0,512.0,snapdragon,snapdragon,8.0,3.0,5000.0,45.0,120,108.0,40.0,4,1,1,android
313,Motorola,Motorola Moto G71 5G,16999,80.0,6.0,128.0,snapdragon,snapdragon,8.0,2.2,5000.0,33.0,60,50.0,16.0,3,1,1,android
314,Itel,itel S16 Pro,6990,,2.0,32.0,,,4.0,1.3,4000.0,,60,8.0,8.0,3,0,0,android
315,Vivo,Vivo Y100,29990,82.0,8.0,128.0,dimensity,dimensity,8.0,2.4,5000.0,66.0,120,50.0,50.0,3,1,0,android
316,Samsung,Samsung Galaxy M13 5G (4GB RAM + 64GB),12944,71.0,4.0,64.0,dimensity,dimensity,8.0,2.2,5000.0,15.0,90,50.0,5.0,2,1,0,android
317,POCO,POCO X5 GT,29990,84.0,8.0,128.0,dimensity,dimensity,8.0,3.2,5000.0,80.0,144,64.0,32.0,3,1,1,android
318,Honor,Honor X9 5G,16999,80.0,8.0,128.0,snapdragon,snapdragon,8.0,2.2,4800.0,66.0,60,48.0,16.0,3,1,1,android
319,iQOO,iQOO 11 (16GB RAM + 256GB),64999,89.0,16.0,256.0,snapdragon,snapdragon,8.0,3.2,5000.0,120.0,144,50.0,16.0,3,1,1,android
320,Samsung,Samsung Galaxy Z Fold 4,154998,,12.0,256.0,snapdragon,snapdragon,8.0,3.2,4400.0,25.0,120,50.0,10.0,3,1,1,android
321,Royole,Royole FlexPai 2,109999,87.0,8.0,128.0,snapdragon,snapdragon,8.0,2.84,4450.0,,60,64.0,32.0,3,1,0,
322,Apple,Apple iPhone 14 Plus (256GB),84999,83.0,6.0,256.0,bionic,bionic,6.0,3.22,4325.0,,60,12.0,12.0,2,1,1,ios
323,Samsung,Samsung Galaxy A33 5G (8GB RAM + 128GB),27499,85.0,8.0,128.0,exynos,exynos,8.0,2.4,5000.0,25.0,90,48.0,13.0,4,1,1,android
324,Tecno,Tecno Spark 9,8999,69.0,6.0,128.0,helio,helio,8.0,2.3,5000.0,,90,13.0,8.0,2,0,0,android
325,Google,Google Pixel 6,40480,84.0,8.0,128.0,google,google,8.0,2.8,4614.0,30.0,90,50.0,8.0,2,1,1,android
326,Xiaomi,Xiaomi Redmi Note 10 Pro (6GB RAM + 128GB),17999,81.0,6.0,128.0,snapdragon,snapdragon,8.0,2.3,5020.0,33.0,120,64.0,16.0,4,0,0,android
327,Samsung,Samsung Galaxy S21 Ultra,105999,,12.0,256.0,exynos,exynos,8.0,2.9,5000.0,25.0,120,108.0,40.0,4,1,1,android
328,Infinix,Infinix Hot 20 Play,8999,67.0,4.0,64.0,helio,helio,8.0,2.3,6000.0,18.0,90,13.0,8.0,2,0,0,android
329,Vivo,Vivo T1x (6GB RAM + 128GB),14999,77.0,6.0,128.0,snapdragon,snapdragon,8.0,2.4,5000.0,18.0,90,50.0,8.0,2,0,0,android
330,Oppo,OPPO F23 Pro,19990,82.0,8.0,128.0,snapdragon,snapdragon,8.0,2.2,4500.0,33.0,90,64.0,32.0,3,1,0,android
331,iQOO,iQOO Z6 Pro 5G (8GB RAM + 128GB),23399,80.0,8.0,128.0,snapdragon,snapdragon,8.0,2.4,4700.0,66.0,90,64.0,16.0,3,1,0,android
332,Samsung,Samsung Galaxy A73 5G (8GB RAM + 256GB),41990,,8.0,256.0,snapdragon,snapdragon,8.0,2.4,5000.0,25.0,120,108.0,32.0,4,1,1,android
333,Realme,Realme 9 5G SE (8GB RAM + 128GB),22998,82.0,8.0,128.0,snapdragon,snapdragon,8.0,2.4,5000.0,30.0,144,48.0,16.0,3,1,0,android
334,POCO,Poco F4 5G,25999,82.0,6.0,128.0,snapdragon,snapdragon,8.0,3.2,4500.0,67.0,120,64.0,20.0,3,1,1,android
335,Infinix,Infinix Note 12,11700,74.0,4.0,64.0,helio,helio,8.0,2.0,5000.0,33.0,60,50.0,16.0,3,0,0,android
336,Samsung,Samsung Galaxy A03 Core,6499,,2.0,32.0,unisoc,unisoc,4.0,1.6,5000.0,,60,8.0,5.0,1,0,0,android
337,Motorola,Motorola Moto G60,15999,84.0,6.0,128.0,snapdragon,snapdragon,8.0,2.3,6000.0,20.0,120,108.0,32.0,3,0,1,android
338,OnePlus,OnePlus 9 Pro,64800,89.0,8.0,128.0,snapdragon,snapdragon,8.0,2.84,4500.0,65.0,120,48.0,16.0,4,1,1,android
339,Xiaomi,Xiaomi Redmi Note 11S,14590,80.0,6.0,64.0,helio,helio,8.0,2.05,5000.0,33.0,90,108.0,16.0,4,0,0,android
340,Xiaomi,Xiaomi Redmi 9 Activ,7499,68.0,4.0,64.0,helio,helio,8.0,2.3,5000.0,,60,13.0,5.0,2,0,0,android
341,Tecno,Tecno Camon 19 Pro 5G,21999,82.0,8.0,128.0,dimensity,dimensity,8.0,2.4,5000.0,33.0,120,64.0,16.0,3,1,1,android
342,Samsung,Samsung Galaxy A04,11999,71.0,4.0,64.0,helio,helio,8.0,2.3,5000.0,,60,50.0,5.0,2,0,0,android
343,POCO,POCO M4 Pro 4G (6GB RAM + 128GB),12999,79.0,6.0,128.0,helio,helio,8.0,2.05,5000.0,33.0,90,64.0,16.0,3,0,0,android
344,OnePlus,OnePlus Nord N20 5G,20990,81.0,6.0,128.0,snapdragon,snapdragon,8.0,2.2,4500.0,33.0,60,64.0,16.0,3,1,1,android
345,Apple,Apple iPhone 13 (256GB),72999,79.0,4.0,256.0,bionic,bionic,6.0,3.22,3240.0,,60,12.0,12.0,2,1,1,ios
346,Oppo,Oppo Find X6 Pro,77990,,12.0,256.0,snapdragon,snapdragon,8.0,3.2,4700.0,120.0,120,50.0,32.0,3,1,1,android
347,Vivo,Vivo X90 Pro 5G,56999,,8.0,256.0,dimensity,dimensity,8.0,3.05,4870.0,120.0,120,50.3,32.0,3,1,1,android
348,Motorola,Motorola Moto G53,21999,79.0,4.0,128.0,snapdragon,snapdragon,8.0,2.2,5000.0,10.0,120,50.0,16.0,2,1,1,android
349,Motorola,Motorola Moto G22,9499,75.0,4.0,64.0,helio,helio,8.0,2.3,5000.0,20.0,90,50.0,16.0,4,0,0,android
350,Xiaomi,Xiaomi Redmi 9i Sport,7499,66.0,4.0,64.0,helio,helio,8.0,2.0,5000.0,10.0,60,13.0,5.0,1,0,0,android
351,Jio,Jio JioPhone Next,4649,,2.0,32.0,snapdragon,snapdragon,4.0,1.3,3500.0,,60,13.0,8.0,1,0,0,android
352,Vivo,Vivo Y93,18000,62.0,4.0,32.0,helio,helio,8.0,2.0,4030.0,,60,13.0,8.0,2,0,0,android
353,Xiaomi,Xiaomi Redmi K60 Pro,38999,85.0,8.0,128.0,snapdragon,snapdragon,8.0,3.2,5000.0,120.0,120,54.0,16.0,3,1,1,android
354,Realme,Realme C30s,7145,,2.0,32.0,unisoc,unisoc,8.0,1.6,5000.0,10.0,60,8.0,5.0,1,0,0,android
355,Vivo,Vivo Y22s,14990,77.0,8.0,128.0,snapdragon,snapdragon,8.0,2.4,5000.0,18.0,90,50.0,8.0,2,0,0,android
356,Oppo,OPPO A77,15499,70.0,4.0,64.0,helio,helio,8.0,2.3,5000.0,33.0,60,50.0,8.0,2,0,0,android
357,Xiaomi,Xiaomi Redmi 10A Sport,9999,69.0,6.0,128.0,helio,helio,8.0,2.0,5000.0,,60,13.0,5.0,1,0,0,android
358,POCO,Poco F4 (12GB RAM + 256GB),29999,86.0,12.0,256.0,snapdragon,snapdragon,8.0,3.2,4500.0,67.0,120,64.0,20.0,3,1,1,android
359,Realme,Realme 9 4G (8GB RAM + 128GB),15999,84.0,8.0,128.0,snapdragon,snapdragon,8.0,2.4,5000.0,33.0,90,108.0,16.0,3,0,0,android
360,Xiaomi,Xiaomi 12T Pro 5G,59990,89.0,8.0,128.0,snapdragon,snapdragon,8.0,3.2,5000.0,120.0,120,200.0,20.0,3,1,1,android
361,iQOO,iQOO 9 5G,34990,84.0,8.0,128.0,snapdragon,snapdragon,8.0,2.9,4350.0,120.0,120,48.0,16.0,3,1,0,android
362,Apple,Apple iPhone 12 Mini (128GB),45999,75.0,4.0,128.0,bionic,bionic,6.0,3.1,,,60,12.0,12.0,2,1,1,ios
363,Samsung,Samsung Galaxy S24 Ultra,119990,85.0,12.0,256.0,snapdragon,snapdragon,8.0,,5100.0,45.0,144,200.0,60.0,4,1,0,android
364,Oppo,OPPO Find N Flip,89990,88.0,8.0,128.0,dimensity,dimensity,8.0,3.05,4300.0,44.0,120,50.0,32.0,2,1,1,
365,OnePlus,OnePlus 10T (12GB RAM + 256GB),50999,87.0,12.0,256.0,snapdragon,snapdragon,8.0,3.2,4800.0,150.0,120,50.0,16.0,3,1,1,android
366,Tecno,Tecno Spark 9 (4GB RAM + 64GB),7999,65.0,4.0,64.0,helio,helio,8.0,2.3,5000.0,,90,13.0,8.0,2,0,0,android
367,Samsung,Samsung Galaxy S21 FE 5G (8GB RAM + 256GB),43999,88.0,8.0,256.0,exynos,exynos,8.0,2.9,4500.0,25.0,120,12.0,32.0,3,1,1,android
368,Xiaomi,Xiaomi Redmi Note 11T 5G (8GB RAM + 128GB),18499,83.0,8.0,128.0,dimensity,dimensity,8.0,2.4,5000.0,33.0,90,50.0,16.0,2,1,0,android
369,Sony,Sony Xperia Pro-I,134999,,12.0,512.0,snapdragon,snapdragon,8.0,2.84,4500.0,30.0,120,12.0,8.0,3,1,1,android
370,Vivo,Vivo V21 Pro,32999,85.0,8.0,128.0,snapdragon,snapdragon,8.0,2.4,4300.0,33.0,60,64.0,44.0,4,1,0,android
371,POCO,Poco X3,13499,80.0,6.0,64.0,snapdragon,snapdragon,8.0,2.3,6000.0,33.0,120,64.0,20.0,4,0,0,android
372,Samsung,Samsung Galaxy S20 FE,35489,86.0,8.0,128.0,exynos,exynos,8.0,2.73,4500.0,25.0,120,12.0,32.0,3,0,1,android
373,Google,Google Pixel 4,20120,78.0,6.0,64.0,snapdragon,snapdragon,8.0,2.8,2800.0,,60,16.0,8.0,2,0,1,android
374,Samsung,Samsung Galaxy S10 Plus,42999,81.0,8.0,128.0,exynos,exynos,8.0,2.7,4100.0,15.0,60,16.0,10.0,3,0,1,android
375,Realme,Realme 11 Pro Plus,24999,78.0,6.0,128.0,dimensity,dimensity,8.0,2.2,4200.0,66.0,90,50.0,16.0,3,1,0,android
376,Oppo,OPPO F21 Pro 4G,20999,82.0,8.0,128.0,snapdragon,snapdragon,8.0,2.4,4500.0,33.0,90,64.0,32.0,3,0,0,android
377,Realme,Realme GT 2 5G,28994,84.0,8.0,128.0,snapdragon,snapdragon,8.0,2.84,5000.0,65.0,120,50.0,16.0,3,1,1,android
378,Samsung,Samsung Galaxy S21,48900,88.0,8.0,128.0,exynos,exynos,8.0,2.9,4000.0,25.0,120,64.0,10.0,3,1,1,android
379,Samsung,Samsung Galaxy A71,22494,86.0,8.0,128.0,snapdragon,snapdragon,8.0,2.2,4500.0,25.0,60,64.0,32.0,4,0,0,android
380,Vivo,Vivo Y02s,8990,61.0,3.0,32.0,helio,helio,8.0,2.3,5000.0,10.0,60,8.0,5.0,1,0,0,android
381,Letv,Letv Y2 Pro,6999,,4.0,32.0,unisoc,unisoc,8.0,,4000.0,,60,13.0,8.0,3,0,0,android
382,Tecno,Tecno Spark 8C (4GB RAM + 64GB),8890,63.0,4.0,64.0,unisoc,unisoc,8.0,2.0,5000.0,,90,13.0,8.0,2,0,0,android
383,iQOO,iQOO Z6 5G (8GB RAM + 128GB),18498,82.0,8.0,128.0,snapdragon,snapdragon,8.0,2.2,5000.0,18.0,120,50.0,16.0,3,1,0,android
384,Vivo,Vivo T1 Pro,23999,81.0,6.0,128.0,snapdragon,snapdragon,8.0,2.4,4700.0,66.0,90,64.0,16.0,3,1,0,android
385,Realme,Realme 9 Pro Plus 5G (8GB RAM + 128GB),22994,81.0,8.0,128.0,dimensity,dimensity,8.0,2.5,4500.0,60.0,90,50.0,16.0,3,1,0,android
386,Samsung,Samsung Galaxy A04s,12990,71.0,4.0,64.0,exynos,exynos,8.0,2.0,5000.0,15.0,90,50.0,5.0,3,0,0,android
387,Realme,Realme 9i (6GB RAM + 128GB),14999,78.0,6.0,128.0,snapdragon,snapdragon,8.0,2.4,5000.0,33.0,90,50.0,16.0,3,0,0,android
388,Realme,Realme 8 5G (8GB RAM + 128GB),18499,80.0,8.0,128.0,dimensity,dimensity,8.0,2.2,5000.0,18.0,90,48.0,16.0,3,1,0,android
389,Oppo,OPPO F19,14990,78.0,6.0,128.0,snapdragon,snapdragon,8.0,2.0,5000.0,33.0,60,48.0,16.0,3,0,0,android
390,Oppo,OPPO Find N2 Flip,70990,88.0,8.0,256.0,dimensity,dimensity,8.0,3.2,4300.0,44.0,120,50.0,32.0,2,1,1,
391,Samsung,Samsung Galaxy M32 Prime Edition,12120,75.0,4.0,64.0,helio,helio,8.0,2.0,6000.0,15.0,90,64.0,20.0,4,0,0,android
392,Oukitel,Oukitel WP19,29990,84.0,8.0,256.0,helio,helio,8.0,2.0,21000.0,33.0,60,64.0,16.0,3,0,1,android
393,Realme,Realme 9 Pro 5G (8GB RAM + 128GB),20999,82.0,8.0,128.0,snapdragon,snapdragon,8.0,2.2,5000.0,33.0,120,64.0,16.0,3,1,0,android
394,Xiaomi,Xiaomi Redmi Note 10 Lite (6GB RAM + 128GB),11999,80.0,6.0,128.0,snapdragon,snapdragon,8.0,2.3,5020.0,18.0,60,48.0,16.0,4,0,0,android
395,Samsung,Samsung Galaxy A13 5G,17990,73.0,4.0,64.0,dimensity,dimensity,8.0,2.2,5000.0,15.0,90,50.0,5.0,3,1,1,android
396,Xiaomi,Xiaomi Redmi Note 11 5G,14990,77.0,4.0,128.0,dimensity,dimensity,8.0,2.4,5000.0,33.0,90,50.0,16.0,2,1,0,android
397,Itel,itel P36,6490,,1.0,16.0,spreadtrum,spreadtrum,4.0,1.3,5000.0,,60,8.0,8.0,2,0,0,android
398,Realme,Realme GT Neo 5,34999,83.0,8.0,128.0,snapdragon,snapdragon,8.0,3.2,4600.0,240.0,120,50.0,16.0,3,1,1,android
399,Apple,Apple iPhone 15 Ultra,149900,79.0,8.0,128.0,bionic,bionic,8.0,,4700.0,,120,48.0,12.0,3,1,1,ios
400,POCO,Poco C50,6499,,2.0,32.0,helio,helio,4.0,2.0,5000.0,10.0,60,8.0,5.0,2,0,0,android
401,Samsung,Samsung Galaxy Note 30 Ultra 5G,104999,,12.0,256.0,snapdragon,snapdragon,8.0,3.2,4500.0,67.0,120,200.0,10.0,3,1,1,android
402,Realme,Realme 9i (4GB RAM + 128GB),13999,75.0,4.0,128.0,snapdragon,snapdragon,8.0,2.4,5000.0,33.0,90,50.0,16.0,3,0,0,android
403,Xiaomi,Xiaomi Redmi Note 11T 5G,16999,79.0,6.0,64.0,dimensity,dimensity,8.0,2.4,5000.0,33.0,90,50.0,16.0,2,1,0,android
404,Vivo,Vivo X80 Pro 5G,79999,,12.0,256.0,snapdragon,snapdragon,8.0,3.0,4700.0,80.0,120,50.0,32.0,4,1,1,android
405,Oppo,OPPO Reno 6 Pro 5G,36760,87.0,12.0,256.0,dimensity,dimensity,8.0,3.0,4500.0,65.0,90,64.0,32.0,4,1,1,android
406,Xiaomi,Xiaomi Mi 11i 5G,23499,81.0,6.0,128.0,dimensity,dimensity,8.0,2.5,5160.0,67.0,120,108.0,16.0,3,1,0,android
407,Asus,Asus ROG Phone 7,75990,87.0,18.0,256.0,snapdragon,snapdragon,8.0,3.2,6000.0,120.0,165,64.0,32.0,3,1,1,android
408,Oppo,Oppo A77 5G,21990,76.0,6.0,128.0,snapdragon,snapdragon,8.0,2.4,5000.0,33.0,90,48.0,8.0,2,1,0,android
409,Realme,Realme 9 5G SE,18999,80.0,6.0,128.0,snapdragon,snapdragon,8.0,2.4,5000.0,30.0,144,48.0,16.0,3,1,0,android
410,Samsung,Samsung Galaxy A03,7249,66.0,3.0,32.0,unisoc,unisoc,8.0,1.6,5000.0,15.0,60,48.0,5.0,2,0,0,android
411,OnePlus,OnePlus Nord N200,16990,75.0,4.0,64.0,snapdragon,snapdragon,8.0,2.0,5000.0,18.0,90,13.0,16.0,3,1,1,android
412,Xiaomi,Xiaomi Mi 11X,23890,80.0,6.0,128.0,snapdragon,snapdragon,8.0,3.2,4520.0,33.0,120,48.0,20.0,3,1,0,android
413,Oppo,OPPO Reno 6,26380,83.0,8.0,128.0,dimensity,dimensity,8.0,2.0,4300.0,65.0,90,64.0,32.0,3,1,1,android
414,Realme,Realme X50 Pro 5G (12GB RAM + 256GB),27999,87.0,12.0,256.0,snapdragon,snapdragon,8.0,2.84,4200.0,65.0,90,64.0,32.0,4,1,1,android
415,Xiaomi,Xiaomi Redmi 10A (6GB RAM + 128GB),10850,70.0,6.0,128.0,helio,helio,8.0,2.0,5000.0,,60,13.0,5.0,1,0,0,android
416,Redmi,Redmi Note 12 Pro Speed Edition,19999,81.0,6.0,128.0,snapdragon,snapdragon,8.0,2.4,5000.0,67.0,120,108.0,16.0,3,1,1,android
417,Apple,Apple iPhone 14 Pro (256GB),129990,76.0,6.0,256.0,bionic,bionic,6.0,,3200.0,,120,48.0,12.0,3,1,1,ios
418,Motorola,Motorola Moto G72,19990,81.0,6.0,128.0,snapdragon,snapdragon,8.0,2.2,5000.0,33.0,120,108.0,16.0,3,1,1,android
419,Motorola,Motorola Moto X30 Pro,41990,,8.0,128.0,snapdragon,snapdragon,8.0,3.2,4450.0,125.0,144,200.0,60.0,3,1,1,android
420,Xiaomi,Xiaomi 12S Ultra,69990,,8.0,256.0,snapdragon,snapdragon,8.0,3.2,4860.0,67.0,120,50.0,32.0,3,1,1,android
421,Honor,Honor 70 5G,39990,88.0,12.0,512.0,snapdragon,snapdragon,8.0,2.5,4800.0,66.0,120,54.0,32.0,3,1,1,android
422,OnePlus,OnePlus 10 Pro 5G (12GB RAM + 512GB),74999,,12.0,512.0,snapdragon,snapdragon,8.0,3.0,5000.0,80.0,120,50.0,32.0,3,1,1,android
423,Vivo,Vivo V23 Pro 5G (12GB RAM + 256GB),36994,87.0,12.0,256.0,dimensity,dimensity,8.0,3.0,4300.0,44.0,90,108.0,50.0,3,1,0,android
424,Oppo,OPPO A55 4G (6GB RAM + 128GB),14700,76.0,6.0,128.0,helio,helio,8.0,2.3,5000.0,18.0,60,50.0,16.0,3,0,0,android
425,Xiaomi,Xiaomi Mi 11T Pro 5G,34990,86.0,8.0,128.0,snapdragon,snapdragon,8.0,2.84,5000.0,120.0,120,108.0,16.0,3,1,1,android
426,Nokia,Nokia X50 5G,34999,76.0,6.0,64.0,snapdragon,snapdragon,,,6000.0,33.0,60,108.0,32.0,4,1,0,android
427,Xiaomi,Xiaomi Redmi Note 10,13990,75.0,4.0,64.0,snapdragon,snapdragon,8.0,2.2,5000.0,33.0,60,48.0,13.0,4,0,0,android
428,Vertu,Vertu Signature Touch,650000,62.0,2.0,64.0,snapdragon,snapdragon,8.0,1.5,2275.0,,60,13.0,2.1,1,0,1,android
429,Samsung,Samsung Galaxy M32 Prime Edition (6GB RAM + 128GB),14859,79.0,6.0,128.0,helio,helio,8.0,2.0,6000.0,15.0,90,64.0,20.0,4,0,0,android
430,Tecno,Tecno Camon 19 Pro Mondrian Edition,17999,84.0,8.0,128.0,helio,helio,8.0,2.05,5000.0,33.0,120,64.0,32.0,3,0,1,android
431,POCO,Poco F5,34990,85.0,8.0,128.0,snapdragon,snapdragon,8.0,3.2,4700.0,67.0,120,64.0,32.0,3,1,1,android
432,Blu,BLU F91 5G,14990,85.0,8.0,128.0,dimensity,dimensity,8.0,2.4,5000.0,,60,48.0,16.0,4,1,1,android
433,Oppo,OPPO A16e,8999,65.0,3.0,32.0,helio,helio,8.0,2.0,4230.0,,60,13.0,5.0,1,0,0,android
434,Motorola,Motorola Moto E32,8999,71.0,4.0,64.0,helio,helio,8.0,2.3,5000.0,10.0,90,50.0,8.0,2,0,0,android
435,Xiaomi,Xiaomi Redmi Note 11S (8GB RAM + 128GB),15824,84.0,8.0,128.0,helio,helio,8.0,2.05,5000.0,33.0,90,108.0,16.0,4,0,0,android
436,Apple,Apple iPhone SE 3 2022,43900,,4.0,64.0,bionic,bionic,6.0,3.22,,,60,12.0,7.0,1,1,1,ios
437,Samsung,Samsung Galaxy A52 (8GB RAM + 128GB),22494,86.0,8.0,128.0,snapdragon,snapdragon,8.0,2.3,4500.0,25.0,90,64.0,32.0,4,0,0,android
438,POCO,Poco X3 Pro,19650,82.0,6.0,128.0,snapdragon,snapdragon,8.0,2.96,5160.0,33.0,120,48.0,20.0,4,0,0,android
439,Xiaomi,Xiaomi Redmi 9A,6999,61.0,2.0,32.0,helio,helio,8.0,2.0,5000.0,,60,13.0,5.0,1,0,0,android
440,Samsung,Samsung Galaxy A32,16499,80.0,6.0,128.0,helio,helio,8.0,2.0,5000.0,15.0,90,64.0,20.0,4,0,0,android
441,Motorola,Motorola Moto G13,15999,75.0,4.0,128.0,helio,helio,8.0,2.0,5000.0,10.0,90,50.0,8.0,3,0,1,android
442,Asus,Asus ROG Phone 6 Batman Edition,72999,88.0,16.0,256.0,dimensity,dimensity,8.0,3.2,6000.0,65.0,165,50.0,12.0,3,1,1,android
443,Xiaomi,Xiaomi Redmi Note 12 Pro Plus (6GB RAM + 128GB),26999,84.0,6.0,128.0,dimensity,dimensity,8.0,2.6,4980.0,120.0,120,200.0,16.0,3,1,0,android
444,Infinix,Infinix Smart 6 HD,6999,,2.0,32.0,helio,helio,4.0,2.0,5000.0,,60,8.0,5.0,2,0,0,android
445,Apple,Apple iPhone 15 Pro,130990,75.0,8.0,128.0,bionic,bionic,,,,,120,50.0,12.0,3,1,1,ios
446,Realme,Realme C35 (4GB RAM + 128GB),12787,71.0,4.0,128.0,tiger,tiger,8.0,1.8,5000.0,18.0,90,50.0,8.0,3,0,0,android
447,Infinix,Infinix Hot 12,9999,72.0,4.0,64.0,helio,helio,8.0,2.3,6000.0,18.0,90,50.0,8.0,3,0,0,android
448,Vivo,Vivo X80 5G,54999,86.0,8.0,128.0,dimensity,dimensity,8.0,3.05,4500.0,80.0,120,50.0,32.0,3,1,0,android
449,Vivo,Vivo Y53s,15490,79.0,8.0,128.0,helio,helio,8.0,2.0,5000.0,19.0,60,64.0,16.0,3,0,0,android
450,Tecno,Tecno Phantom X,25999,84.0,8.0,256.0,helio,helio,8.0,2.05,4700.0,33.0,90,50.0,48.0,3,0,0,android
451,Samsung,Samsung Galaxy M04 (4GB RAM + 128GB),9499,68.0,4.0,128.0,helio,helio,8.0,2.3,5000.0,15.0,60,13.0,5.0,2,0,0,android
452,Redmi,Redmi 12C,7999,70.0,4.0,64.0,helio,helio,8.0,2.0,5000.0,,60,50.0,5.0,2,0,0,android
453,Asus,Asus ZenFone 9,63990,86.0,8.0,128.0,snapdragon,snapdragon,8.0,3.2,4300.0,30.0,120,50.0,12.0,2,1,1,android
454,Sony,Sony Xperia L5 5G,15990,73.0,4.0,64.0,helio,helio,8.0,2.3,4000.0,,60,13.0,8.0,3,0,1,android
455,iQOO,iQOO 9 SE 5G (12GB RAM + 256GB),34949,85.0,12.0,256.0,snapdragon,snapdragon,8.0,2.84,4500.0,66.0,120,48.0,16.0,3,1,1,android
456,Tecno,Tecno Spark 8 Pro,8799,72.0,4.0,64.0,helio,helio,8.0,2.0,5000.0,33.0,60,48.0,8.0,3,0,0,android
457,Xiaomi,Xiaomi Redmi 10 Prime,12390,74.0,4.0,64.0,helio,helio,8.0,2.0,6000.0,18.0,90,50.0,8.0,4,0,0,android
458,Samsung,Samsung Galaxy F22,11499,73.0,4.0,64.0,helio,helio,8.0,2.0,6000.0,,90,48.0,13.0,4,0,0,android
459,Xiaomi,Xiaomi Mi Mix Alpha,199990,,12.0,512.0,snapdragon,snapdragon,8.0,2.96,4050.0,40.0,60,108.0,,3,1,0,android
460,Oppo,OPPO Reno 10 Pro,42990,86.0,16.0,256.0,dimensity,dimensity,8.0,3.05,5000.0,120.0,120,50.0,32.0,2,1,1,android
461,Nubia,Nubia Z50,34999,82.0,8.0,128.0,snapdragon,snapdragon,8.0,3.2,5000.0,80.0,144,64.0,16.0,3,1,1,android
462,Samsung,Samsung Galaxy F13 (4GB RAM + 128GB),11999,75.0,4.0,128.0,exynos,exynos,8.0,2.0,6000.0,15.0,60,50.0,8.0,3,0,1,android
463,Nokia,Nokia G11 Plus,10499,70.0,4.0,64.0,unisoc,unisoc,8.0,1.6,5000.0,10.0,90,50.0,8.0,2,0,0,android
464,Infinix,Infinix Hot 12 Play,8910,66.0,4.0,64.0,tiger,tiger,8.0,1.82,6000.0,18.0,90,13.0,8.0,2,0,0,android
465,Vivo,Vivo T2 5G,24990,85.0,8.0,128.0,snapdragon,snapdragon,8.0,3.2,4700.0,80.0,120,64.0,16.0,3,1,0,android
466,Oppo,OPPO Reno7 Z 5G,17999,84.0,8.0,128.0,snapdragon,snapdragon,8.0,2.2,4500.0,33.0,60,64.0,16.0,3,1,1,android
467,Xiaomi,Xiaomi Mi 11 Lite NE 5G (8GB RAM + 128GB),22999,86.0,8.0,128.0,snapdragon,snapdragon,8.0,2.4,4250.0,33.0,90,64.0,20.0,3,1,1,android
468,Realme,Realme Narzo 50i,6490,,2.0,32.0,unisoc,unisoc,8.0,1.6,5000.0,,60,8.0,5.0,1,0,0,android
469,Infinix,Infinix Zero X Pro,21990,85.0,8.0,128.0,helio,helio,8.0,2.05,4500.0,45.0,120,108.0,16.0,3,1,0,android
470,Samsung,Samsung Galaxy M32,12364,76.0,4.0,64.0,helio,helio,8.0,2.0,6000.0,15.0,90,64.0,20.0,4,0,0,android
471,Samsung,Samsung Galaxy A82 5G,39990,86.0,6.0,128.0,snapdragon,snapdragon,8.0,2.96,4500.0,25.0,120,64.0,10.0,3,1,1,android
472,Xiaomi,Xiaomi Poco F1,11999,77.0,6.0,64.0,snapdragon,snapdragon,8.0,2.8,4000.0,,60,12.0,20.0,2,0,0,android
473,Vivo,Vivo Y25,7499,,1.0,16.0,helio,helio,4.0,1.3,1900.0,,60,5.0,2.0,1,0,0,android
474,Lyf,Lyf Earth 1,3990,60.0,3.0,32.0,snapdragon,snapdragon,8.0,1.5,3500.0,,60,13.0,5.0,2,0,0,android
475,Motorola,Motorola Moto E13,10499,65.0,2.0,64.0,tiger,tiger,8.0,2.0,5000.0,10.0,60,13.0,5.0,1,0,0,android
476,Tecno,Tecno Pop 6 Pro,6299,,2.0,32.0,helio,helio,4.0,2.0,5000.0,,60,8.0,5.0,2,0,0,android
477,Itel,Itel A24 Pro,5990,,2.0,32.0,unisoc,unisoc,4.0,1.4,3020.0,,60,2.0,0.3,1,0,0,android
478,Vivo,Vivo X Fold Plus,113990,,12.0,256.0,snapdragon,snapdragon,8.0,3.2,4730.0,80.0,120,50.0,16.0,4,1,1,android
479,Huawei,Huawei Mate 50 RS Porsche Design,239999,81.0,12.0,512.0,snapdragon,snapdragon,8.0,3.2,4700.0,66.0,120,50.0,13.0,3,0,1,other
480,Samsung,Samsung Galaxy F63,21999,84.0,6.0,128.0,dimensity,dimensity,8.0,2.0,7000.0,33.0,60,64.0,32.0,4,1,1,android
481,iQOO,iQOO Z6 4G (6GB RAM + 128GB),15999,80.0,6.0,128.0,snapdragon,snapdragon,8.0,2.4,5000.0,44.0,120,50.0,16.0,3,0,0,android
482,Sony,Sony Xperia 5 II,69990,86.0,8.0,128.0,snapdragon,snapdragon,8.0,2.84,4000.0,21.0,120,12.0,8.0,3,1,1,android
483,Vivo,Vivo Y3 (4GB RAM + 128GB),12990,71.0,4.0,128.0,helio,helio,8.0,2.3,5000.0,,60,13.0,16.0,3,0,0,android
484,Sony,Sony Xperia 1 IV (12GB RAM + 512GB),92980,,12.0,512.0,snapdragon,snapdragon,8.0,3.0,5000.0,30.0,120,12.0,12.0,4,1,1,android
485,Tecno,Tecno Pova 4 Pro,15999,74.0,8.0,256.0,helio,helio,8.0,2.2,6000.0,45.0,90,50.0,8.0,2,0,0,android
486,Huawei,Huawei Nova 10 SE,23999,84.0,8.0,256.0,snapdragon,snapdragon,8.0,2.4,4500.0,66.0,90,108.0,16.0,3,0,1,android
487,Vivo,Vivo T1x (4GB RAM + 128GB),12999,75.0,4.0,128.0,snapdragon,snapdragon,8.0,2.4,5000.0,18.0,90,50.0,8.0,2,0,0,android
488,Nubia,Nubia Red Magic 7S Pro,60990,86.0,12.0,256.0,snapdragon,snapdragon,8.0,3.2,5000.0,135.0,120,64.0,8.0,3,1,1,android
489,Motorola,Motorola Moto E32s (4GB RAM + 64GB),8859,67.0,4.0,64.0,helio,helio,8.0,1.8,5000.0,18.0,90,16.0,8.0,3,0,0,android
490,iQOO,iQOO Neo 6 5G (12GB RAM + 256GB),33749,84.0,12.0,256.0,snapdragon,snapdragon,8.0,3.2,4700.0,80.0,120,64.0,16.0,3,1,0,android
491,Samsung,Samsung Galaxy A15,15990,63.0,6.0,64.0,,,8.0,,5000.0,,60,48.0,8.0,3,0,0,android
492,POCO,POCO X4 GT 5G,24990,84.0,8.0,128.0,dimensity,dimensity,8.0,2.85,5080.0,67.0,144,64.0,16.0,3,1,1,android
493,Realme,Realme Narzo 50 5G (4GB RAM + 128GB),14999,76.0,4.0,128.0,dimensity,dimensity,8.0,2.4,5000.0,33.0,90,48.0,16.0,3,1,0,android
494,Vivo,Vivo Y77 5G,17990,76.0,6.0,128.0,dimensity,dimensity,8.0,2.2,4500.0,80.0,120,50.0,8.0,2,1,0,android
495,Honor,Honor 60 SE 5G,24990,75.0,8.0,128.0,dimensity,dimensity,8.0,2.0,4300.0,66.0,120,64.0,16.0,3,1,0,android
496,Xiaomi,Xiaomi Redmi 11 Prime,11600,74.0,4.0,64.0,helio,helio,8.0,2.2,5000.0,18.0,90,50.0,8.0,3,0,0,android
497,Realme,Realme C31,8299,62.0,3.0,32.0,tiger,tiger,8.0,1.82,5000.0,,60,13.0,5.0,3,0,0,android
498,Motorola,Motorola Moto G31 (6GB RAM+ 128GB),11999,78.0,6.0,128.0,helio,helio,8.0,2.0,5000.0,20.0,60,50.0,13.0,3,0,0,android
499,Samsung,Samsung Galaxy Z Flip 4 5G,89999,88.0,8.0,128.0,snapdragon,snapdragon,8.0,3.2,3700.0,25.0,120,12.0,10.0,2,1,1,
500,OnePlus,OnePlus 6 (8GB RAM + 128GB),27999,77.0,8.0,128.0,snapdragon,snapdragon,8.0,2.8,3300.0,,60,20.0,16.0,2,0,1,android
501,Google,Google Pixel 2 XL,15990,69.0,4.0,128.0,snapdragon,snapdragon,8.0,2.35,3520.0,,60,12.2,8.0,1,0,1,android
502,Xiaomi,Xiaomi Redmi A1 Plus,7289,60.0,2.0,32.0,helio,helio,4.0,2.0,5000.0,10.0,60,8.0,5.0,2,0,0,android
503,Honor,Honor 70 5G (8GB RAM + 256GB),30990,86.0,8.0,256.0,snapdragon,snapdragon,8.0,2.5,4800.0,66.0,120,54.0,32.0,3,1,1,android
504,Realme,Realme Narzo 50 (6GB RAM + 128GB),15499,77.0,6.0,128.0,helio,helio,8.0,2.0,5000.0,33.0,120,50.0,16.0,3,0,0,android
505,Vivo,Vivo Y15s,8499,66.0,3.0,32.0,helio,helio,8.0,2.3,5000.0,,60,13.0,8.0,2,0,0,android
506,Samsung,Samsung Galaxy M32 (6GB RAM + 128GB),14490,80.0,6.0,128.0,helio,helio,8.0,2.0,6000.0,15.0,90,64.0,20.0,4,0,0,android
507,Samsung,Samsung Galaxy F42 5G,15490,80.0,6.0,128.0,dimensity,dimensity,8.0,2.2,5000.0,15.0,90,64.0,8.0,3,1,0,android
508,Realme,Realme Q5 5G,14990,78.0,6.0,128.0,snapdragon,snapdragon,8.0,2.2,5000.0,60.0,120,50.0,16.0,3,1,0,android
509,POCO,POCO M3 Pro 5G,15999,75.0,4.0,64.0,dimensity,dimensity,8.0,2.2,5000.0,18.0,90,48.0,8.0,3,1,0,android
510,Google,Google Pixel 5,36000,82.0,8.0,128.0,snapdragon,snapdragon,8.0,2.4,4080.0,18.0,90,16.0,8.0,2,1,1,android
511,OnePlus,OnePlus 12 Pro,69999,,12.0,256.0,snapdragon,snapdragon,8.0,3.2,4800.0,150.0,144,108.0,32.0,3,1,1,android
512,Xiaomi,Xiaomi Redmi Note 12 Discovery Edition,26990,86.0,8.0,256.0,dimensity,dimensity,8.0,2.6,4300.0,210.0,120,200.0,16.0,3,1,1,android
513,Samsung,Samsung Galaxy M13 (4GB RAM + 64GB),10630,71.0,4.0,64.0,exynos,exynos,8.0,2.0,6000.0,15.0,60,50.0,8.0,3,0,0,android
514,Oppo,Oppo Reno 8 Pro (8GB RAM + 256GB),42990,85.0,8.0,256.0,dimensity,dimensity,8.0,2.85,4500.0,80.0,120,50.0,32.0,3,1,1,android
515,Vivo,Vivo Y78 5G,24990,77.0,8.0,128.0,dimensity,dimensity,8.0,3.0,4500.0,,90,50.0,16.0,3,1,0,android
516,iQOO,iQOO Z6 4G,14489,77.0,4.0,128.0,snapdragon,snapdragon,8.0,2.4,5000.0,44.0,120,50.0,16.0,3,0,0,android
517,Oppo,OPPO A76,16490,73.0,6.0,128.0,snapdragon,snapdragon,8.0,2.4,5000.0,33.0,90,13.0,8.0,2,0,0,android
518,Realme,Realme 9 Pro Plus 5G (8GB RAM + 256GB),24494,82.0,8.0,256.0,dimensity,dimensity,8.0,2.5,4500.0,60.0,90,50.0,16.0,3,1,0,android
519,Vivo,Vivo Y01,7999,61.0,2.0,32.0,helio,helio,8.0,2.3,5000.0,,60,8.0,5.0,1,0,0,android
520,Motorola,Motorola Moto Edge S30 5G,23990,85.0,6.0,128.0,snapdragon,snapdragon,8.0,2.9,5000.0,33.0,144,108.0,16.0,3,1,0,android
521,Realme,Realme GT 2 Pro 5G,49959,89.0,8.0,128.0,snapdragon,snapdragon,8.0,3.0,5000.0,65.0,120,50.0,32.0,3,1,1,android
522,Apple,Apple iPhone 13 Pro (256GB),129900,83.0,6.0,256.0,bionic,bionic,6.0,3.22,3095.0,,120,12.0,12.0,3,1,1,ios
523,Vivo,Vivo Y73 2021,19990,80.0,8.0,128.0,helio,helio,8.0,2.05,4000.0,33.0,60,64.0,16.0,3,0,0,android
524,Samsung,Samsung Galaxy F14,14990,67.0,4.0,64.0,,,8.0,,5000.0,25.0,60,50.0,16.0,3,0,1,android
525,Vivo,Vivo V20,23269,85.0,8.0,128.0,snapdragon,snapdragon,8.0,2.3,4000.0,33.0,60,64.0,44.0,3,0,0,android
526,Xiaomi,Xiaomi Redmi Note 9 Pro,13999,75.0,4.0,64.0,snapdragon,snapdragon,8.0,2.3,5020.0,18.0,60,48.0,16.0,4,0,0,android
527,OnePlus,OnePlus 10R Prime Edition,35389,85.0,8.0,128.0,dimensity,dimensity,8.0,2.85,5000.0,80.0,120,50.0,16.0,3,1,1,android
528,Google,Google Pixel 6 Pro (12GB RAM + 256GB),79700,,12.0,256.0,google,google,8.0,2.8,5003.0,30.0,120,50.0,11.1,3,1,1,android
529,Nokia,Nokia C31,9499,62.0,3.0,32.0,unisoc,unisoc,8.0,1.6,5050.0,10.0,60,13.0,5.0,3,0,0,android
530,Infinix,Infinix Hot 12 Pro (8GB RAM+ 128GB),12340,76.0,8.0,128.0,tiger,tiger,8.0,2.0,5000.0,18.0,90,50.0,8.0,2,0,0,android
531,POCO,Poco M5,10799,74.0,4.0,64.0,helio,helio,8.0,2.2,5000.0,18.0,90,50.0,8.0,3,0,0,android
532,Xiaomi,Xiaomi Redmi 10C (4GB RAM + 128GB),14990,73.0,4.0,128.0,snapdragon,snapdragon,8.0,2.4,6000.0,18.0,60,50.0,5.0,2,0,0,android
533,Zte,ZTE Axon 40 Ultra 5G,61990,89.0,8.0,128.0,snapdragon,snapdragon,8.0,3.0,5000.0,65.0,120,64.0,16.0,3,1,1,android
534,Xiaomi,Xiaomi 12 Pro 5G (12GB RAM + 256GB),51880,,12.0,256.0,snapdragon,snapdragon,8.0,3.0,4600.0,120.0,120,50.0,32.0,3,1,1,android
535,Oppo,OPPO K10 (8GB RAM + 128GB),16990,80.0,8.0,128.0,snapdragon,snapdragon,8.0,2.4,5000.0,33.0,90,50.0,16.0,3,0,0,android
536,Huawei,Huawei Nova 9 SE,19990,84.0,8.0,128.0,snapdragon,snapdragon,8.0,2.4,4000.0,66.0,90,108.0,16.0,4,0,1,android
537,Samsung,Samsung Galaxy S22 5G (8GB RAM + 256GB),57999,87.0,8.0,256.0,snapdragon,snapdragon,8.0,3.0,3700.0,25.0,120,50.0,10.0,3,1,1,android
538,Lenovo,Lenovo Legion Y90,46990,87.0,12.0,256.0,snapdragon,snapdragon,8.0,3.0,5600.0,68.0,144,64.0,16.0,2,1,1,android
539,Vivo,Vivo Y55 5G,20990,77.0,4.0,128.0,dimensity,dimensity,8.0,2.2,5000.0,18.0,60,50.0,8.0,3,1,1,android
540,Nokia,Nokia X100 5G,17990,82.0,6.0,128.0,snapdragon,snapdragon,8.0,2.0,4470.0,18.0,60,48.0,16.0,4,1,1,android
541,Realme,Realme 8s 5G (8GB RAM + 128GB),17499,82.0,8.0,128.0,dimensity,dimensity,8.0,2.4,5000.0,33.0,90,64.0,16.0,3,1,0,android
542,Realme,Realme 8s 5G,17999,80.0,6.0,128.0,dimensity,dimensity,8.0,2.4,5000.0,33.0,90,64.0,16.0,3,1,0,android
543,Nokia,Nokia X60 Pro 5G,49990,,8.0,128.0,snapdragon,snapdragon,8.0,3.2,6000.0,44.0,144,200.0,32.0,4,1,0,android
544,POCO,Poco X5,14999,74.0,4.0,128.0,snapdragon,snapdragon,8.0,2.2,5000.0,33.0,120,48.0,8.0,3,1,0,android
545,Xiaomi,Xiaomi Redmi Note 10 Pro Max (6GB RAM + 128GB),19980,82.0,6.0,128.0,snapdragon,snapdragon,8.0,2.3,5020.0,33.0,120,108.0,16.0,4,0,0,android
546,iQOO,iQOO 7 (12GB RAM + 256GB),35990,85.0,12.0,256.0,snapdragon,snapdragon,8.0,3.2,4400.0,66.0,120,48.0,16.0,3,1,1,android
547,Realme,Realme 8,15999,78.0,4.0,128.0,helio,helio,8.0,2.0,5000.0,30.0,60,64.0,16.0,4,0,0,android
548,Samsung,Samsung Galaxy S20,41999,88.0,8.0,128.0,exynos,exynos,8.0,2.73,4000.0,25.0,120,64.0,10.0,3,0,1,android
549,Xiaomi,Xiaomi Redmi K60E,25999,83.0,8.0,128.0,dimensity,dimensity,8.0,3.1,5500.0,67.0,120,48.0,20.0,3,1,1,android
550,Motorola,Motorola Moto E32s,7990,65.0,3.0,32.0,helio,helio,8.0,1.8,5000.0,18.0,90,16.0,8.0,3,0,0,android
551,OnePlus,OnePlus Nord 3T 5G,29990,84.0,8.0,128.0,dimensity,dimensity,8.0,3.0,4500.0,80.0,90,50.0,32.0,3,1,1,android
552,Oppo,OPPO F23 Pro Plus 5G,27990,83.0,8.0,128.0,snapdragon,snapdragon,8.0,2.36,4500.0,65.0,90,50.0,16.0,4,1,0,android
553,POCO,Poco F5 Pro,29999,84.0,8.0,128.0,snapdragon,snapdragon,8.0,3.2,5500.0,67.0,120,64.0,16.0,3,1,1,android
554,Oppo,OPPO A16e (4GB RAM + 64GB),8999,68.0,4.0,64.0,helio,helio,8.0,2.0,4230.0,,60,13.0,5.0,1,0,0,android
555,POCO,POCO M4 Pro 4G (8GB RAM + 128GB),13999,81.0,8.0,128.0,helio,helio,8.0,2.05,5000.0,33.0,90,64.0,16.0,3,0,0,android
556,Realme,Realme Narzo 50A,11499,71.0,4.0,64.0,helio,helio,8.0,2.0,6000.0,18.0,60,50.0,8.0,3,0,0,android
557,Asus,Asus ROG Phone 5s 5G,39999,87.0,8.0,128.0,snapdragon,snapdragon,8.0,2.9,6000.0,65.0,144,64.0,24.0,3,1,1,android
558,Realme,Realme GT Master Edition 5G,27999,84.0,8.0,128.0,snapdragon,snapdragon,8.0,2.4,4300.0,65.0,120,64.0,32.0,3,1,1,android
559,Samsung,Samsung Galaxy A32 5G,24499,79.0,6.0,128.0,dimensity,dimensity,8.0,2.0,5000.0,15.0,90,48.0,13.0,4,1,1,android
560,Nubia,Nubia Red Magic 8 Pro Plus,60999,86.0,12.0,256.0,snapdragon,snapdragon,8.0,3.2,5000.0,165.0,120,50.0,16.0,3,1,1,android
561,Samsung,Samsung Galaxy Z Fold 3,110999,89.0,12.0,256.0,snapdragon,snapdragon,8.0,2.84,4400.0,25.0,120,12.0,10.0,3,1,1,android
562,Lg,LG Wing 5G,54999,89.0,8.0,128.0,snapdragon,snapdragon,8.0,2.4,4000.0,,60,64.0,32.0,3,1,1,
563,Xiaomi,Xiaomi Redmi Note 9 Pro Max,16490,80.0,6.0,64.0,snapdragon,snapdragon,8.0,2.3,5020.0,33.0,60,64.0,32.0,4,0,0,android
564,Samsung,Samsung Galaxy A52,24990,83.0,6.0,128.0,snapdragon,snapdragon,8.0,2.3,4500.0,25.0,90,64.0,32.0,4,0,0,android
565,Vivo,Vivo Y71,25000,,3.0,16.0,snapdragon,snapdragon,4.0,1.4,3360.0,,60,13.0,5.0,1,0,0,android
566,Samsung,Samsung Galaxy A04e (3GB RAM + 64GB),9950,66.0,3.0,64.0,helio,helio,8.0,2.3,5000.0,,60,13.0,5.0,2,0,0,android
567,Oppo,Oppo A56s,12999,75.0,8.0,128.0,dimensity,dimensity,8.0,2.4,5000.0,,60,13.0,8.0,2,1,0,android
568,Oppo,Oppo Reno 8T 4G,19999,83.0,8.0,256.0,helio,helio,8.0,2.2,5000.0,66.0,120,50.0,16.0,3,0,1,android
569,Oppo,OPPO Reno 10,32999,84.0,8.0,256.0,snapdragon,snapdragon,8.0,2.5,5000.0,120.0,120,50.0,32.0,3,1,1,android
570,Nokia,Nokia G60,28498,81.0,6.0,128.0,snapdragon,snapdragon,8.0,2.2,4500.0,20.0,120,50.0,8.0,3,1,1,android
571,Oppo,OPPO A77 (4GB RAM + 128 GB),15998,71.0,4.0,128.0,helio,helio,8.0,2.3,5000.0,33.0,60,50.0,8.0,2,0,0,android
572,Motorola,Motorola Edge 40 Pro 5G,59990,89.0,8.0,128.0,snapdragon,snapdragon,8.0,3.2,4800.0,125.0,165,50.0,60.0,3,1,1,android
573,Oppo,Oppo K10x 5G,16990,78.0,6.0,128.0,snapdragon,snapdragon,8.0,2.2,5000.0,67.0,120,64.0,16.0,3,1,0,android
574,iQOO,iQOO Z6 Pro 5G (12GB RAM + 256GB),27999,82.0,12.0,256.0,snapdragon,snapdragon,8.0,2.4,4700.0,66.0,90,64.0,16.0,3,1,0,android
575,Nokia,Nokia G21 (6GB RAM + 128GB),13499,75.0,6.0,128.0,unisoc,unisoc,8.0,1.6,5050.0,18.0,90,50.0,8.0,3,0,0,android
576,Samsung,Samsung Galaxy A13 (6GB RAM + 128GB),16499,78.0,6.0,128.0,,,8.0,2.0,5000.0,25.0,60,50.0,8.0,4,0,0,android
577,Oppo,OPPO A16K (4GB RAM + 64GB),10999,66.0,4.0,64.0,helio,helio,8.0,2.3,4230.0,,60,13.0,5.0,1,0,0,android
578,Xiaomi,Xiaomi Redmi 10C,13990,71.0,4.0,64.0,snapdragon,snapdragon,8.0,2.4,6000.0,18.0,60,50.0,5.0,2,0,0,android
579,Tecno,Tecno Spark 9 Pro,9999,74.0,4.0,64.0,helio,helio,8.0,2.0,5000.0,18.0,90,48.0,32.0,3,0,0,android
580,Realme,Realme GT Neo 3 5G,31994,83.0,8.0,128.0,dimensity,dimensity,8.0,2.85,5000.0,80.0,120,50.0,16.0,3,1,1,android
581,Xiaomi,Xiaomi 11i HyperCharge 5G,24820,83.0,6.0,128.0,dimensity,dimensity,8.0,2.5,4500.0,120.0,120,108.0,16.0,3,1,0,android
582,iQOO,iQOO Neo 6 SE 5G,22990,83.0,8.0,128.0,snapdragon,snapdragon,8.0,3.2,4700.0,80.0,120,64.0,16.0,3,1,0,android
583,iQOO,iQOO 9 Pro 5G,59990,88.0,8.0,256.0,snapdragon,snapdragon,8.0,3.0,4700.0,120.0,120,50.0,16.0,3,1,1,android
584,Realme,Realme Narzo 50i (4GB RAM + 64GB),8999,62.0,4.0,64.0,unisoc,unisoc,8.0,1.6,5000.0,,60,8.0,5.0,1,0,0,android
585,Xiaomi,Xiaomi Redmi 9 Activ (6GB RAM + 128GB),10499,72.0,6.0,128.0,helio,helio,8.0,2.3,5000.0,,60,13.0,5.0,2,0,0,android
586,Jio,Jio JioPhone Next (3GB RAM + 32GB),7499,,3.0,32.0,snapdragon,snapdragon,4.0,1.3,3000.0,,60,13.0,8.0,1,0,0,android
587,Xiaomi,Xiaomi Redmi Note 8 2021,9990,75.0,4.0,64.0,helio,helio,8.0,2.0,4000.0,18.0,60,48.0,13.0,4,0,0,android
588,Xiaomi,Xiaomi Redmi Note 10 5G,12490,76.0,4.0,128.0,dimensity,dimensity,8.0,2.2,5000.0,18.0,90,48.0,8.0,3,1,0,android
589,Vivo,Vivo Y20G,13990,69.0,4.0,64.0,helio,helio,8.0,2.0,5000.0,18.0,60,13.0,8.0,3,0,0,android
590,Samsung,Samsung Galaxy A22 5G,17990,79.0,6.0,128.0,dimensity,dimensity,8.0,2.2,5000.0,15.0,90,48.0,8.0,3,1,0,android
591,Vivo,Vivo V21,24999,83.0,8.0,128.0,dimensity,dimensity,8.0,2.4,4000.0,33.0,90,64.0,44.0,3,0,0,android
592,Realme,Realme 7 Pro (8GB RAM + 128GB),21999,85.0,8.0,128.0,snapdragon,snapdragon,8.0,2.3,4500.0,65.0,60,64.0,32.0,4,0,0,android
593,OnePlus,OnePlus Nord Lite,19999,77.0,8.0,128.0,snapdragon,snapdragon,8.0,2.0,4300.0,30.0,90,48.0,16.0,3,0,0,android
594,Samsung,Samsung Galaxy S20 Ultra 5G,99999,,12.0,128.0,exynos,exynos,8.0,2.73,5000.0,45.0,60,108.0,40.0,4,1,1,android
595,Apple,Apple iPhone 11 Pro Max,109900,77.0,4.0,64.0,bionic,bionic,6.0,2.65,3500.0,18.0,60,12.0,12.0,3,0,1,ios
596,Apple,Apple iPhone 7s,52990,,3.0,32.0,fusion,fusion,4.0,2.37,2230.0,,60,13.0,7.0,1,0,0,ios
597,Sony,Sony Xperia Ace IV,19990,80.0,8.0,128.0,snapdragon,snapdragon,8.0,2.0,5000.0,33.0,120,50.0,16.0,2,0,1,android
598,Samsung,Samsung Galaxy A04e (4GB RAM + 128GB),11499,69.0,4.0,128.0,helio,helio,8.0,2.3,5000.0,,60,13.0,5.0,2,0,0,android
599,Xiaomi,Xiaomi Redmi Note 12 4G,13999,75.0,4.0,64.0,helio,helio,8.0,2.2,5000.0,33.0,120,48.0,13.0,3,0,0,android
600,Oukitel,Oukitel WP21,22990,82.0,12.0,256.0,helio,helio,8.0,2.2,9800.0,66.0,120,64.0,,3,0,0,
601,Vivo,Vivo V28,28990,84.0,8.0,256.0,snapdragon,snapdragon,8.0,2.2,5000.0,80.0,120,108.0,32.0,3,1,0,android
602,POCO,Poco F4 5G (8GB RAM + 128GB),27999,85.0,8.0,128.0,snapdragon,snapdragon,8.0,3.2,4500.0,67.0,120,64.0,20.0,3,1,1,android
603,Xiaomi,Xiaomi Redmi Note 11T Pro 5G,19990,82.0,6.0,128.0,dimensity,dimensity,8.0,2.85,5080.0,67.0,144,64.0,16.0,3,1,1,android
604,Realme,Realme Narzo 50 Pro 5G (8GB RAM + 128GB),22999,83.0,8.0,128.0,dimensity,dimensity,8.0,2.5,5000.0,33.0,90,48.0,16.0,3,1,0,android
605,Vivo,Vivo T1 44W (8GB RAM + 128GB),17999,82.0,8.0,128.0,snapdragon,snapdragon,8.0,2.4,5000.0,44.0,60,50.0,16.0,3,0,0,android
606,Xiaomi,Xiaomi Redmi Note 11S (6GB RAM + 128GB),15499,81.0,6.0,128.0,helio,helio,8.0,2.05,5000.0,33.0,90,108.0,16.0,4,0,0,android
607,Lava,Lava Agni 5G,17990,84.0,8.0,128.0,dimensity,dimensity,8.0,2.4,5000.0,30.0,90,64.0,16.0,4,1,0,android
608,Realme,Realme 8i (6GB RAM + 128GB),13999,77.0,6.0,128.0,helio,helio,8.0,2.05,5000.0,18.0,120,50.0,16.0,3,0,0,android
609,Oppo,OPPO A55 4G,13499,73.0,4.0,64.0,helio,helio,8.0,2.3,5000.0,18.0,60,50.0,16.0,3,0,0,android
610,POCO,POCO M3 Pro 5G (6GB RAM + 128GB),14799,79.0,6.0,128.0,dimensity,dimensity,8.0,2.2,5000.0,18.0,90,48.0,8.0,3,1,0,android
611,Realme,Realme C21Y,6999,62.0,3.0,32.0,unisoc,unisoc,8.0,1.8,5000.0,,60,13.0,5.0,3,0,0,android
612,Oppo,OPPO A16,11999,69.0,4.0,64.0,helio,helio,8.0,2.3,5000.0,,60,13.0,8.0,3,0,0,android
613,Vivo,Vivo V21 5G,23994,85.0,8.0,128.0,dimensity,dimensity,8.0,2.4,4000.0,33.0,90,64.0,44.0,3,1,0,android
614,Apple,Apple iPhone 12 Pro (512GB),139900,80.0,6.0,512.0,bionic,bionic,6.0,3.1,,,60,12.0,12.0,3,1,1,ios
615,Sony,Sony Xperia 1 II,69999,89.0,8.0,256.0,snapdragon,snapdragon,8.0,2.84,4000.0,21.0,60,12.0,8.0,4,1,1,android
616,Motorola,Motorola Edge Plus,57999,89.0,12.0,256.0,snapdragon,snapdragon,8.0,2.84,5000.0,18.0,90,108.0,25.0,3,1,1,android
617,Samsung,Samsung Galaxy Note 20,86000,87.0,8.0,256.0,exynos,exynos,8.0,2.73,4300.0,25.0,60,64.0,10.0,3,0,1,android
618,Samsung,Samsung Galaxy A12,11999,71.0,4.0,64.0,helio,helio,8.0,2.3,5000.0,15.0,60,48.0,8.0,4,0,0,android
619,Xiaomi,Xiaomi Redmi Note 12 Pro 4G,14999,77.0,6.0,128.0,snapdragon,snapdragon,8.0,2.3,5000.0,67.0,120,50.0,16.0,3,0,1,android
620,Realme,Realme GT Neo 3T (8GB RAM + 128GB),26499,81.0,8.0,128.0,snapdragon,snapdragon,8.0,3.2,5000.0,80.0,120,64.0,16.0,3,1,0,android
621,Realme,Realme C30s (4GB RAM + 64GB),8990,62.0,4.0,64.0,unisoc,unisoc,8.0,1.6,5000.0,10.0,60,8.0,5.0,1,0,0,android
622,Apple,Apple iPhone 14 (512GB),95999,82.0,6.0,512.0,bionic,bionic,6.0,3.22,3279.0,,60,12.0,12.0,2,1,1,ios
623,iQOO,iQOO 9T 5G,47990,85.0,8.0,128.0,snapdragon,snapdragon,8.0,3.2,4700.0,120.0,120,50.0,16.0,3,1,1,android
624,Tecno,Tecno Camon 19 Pro,17990,81.0,8.0,128.0,helio,helio,8.0,2.05,5000.0,33.0,120,64.0,32.0,3,0,0,android
625,OnePlus,OnePlus Nord 2 Lite 5G,22999,83.0,8.0,128.0,snapdragon,snapdragon,8.0,2.2,5000.0,33.0,120,64.0,16.0,3,1,1,android
626,Samsung,Samsung Galaxy S22 Ultra 5G (8GB RAM + 128GB),99990,,8.0,128.0,snapdragon,snapdragon,8.0,3.0,5000.0,45.0,120,108.0,40.0,4,1,1,android
627,POCO,POCO F4 GT 5G,39999,86.0,8.0,128.0,snapdragon,snapdragon,8.0,3.0,4700.0,120.0,120,64.0,20.0,3,1,1,android
628,Xiaomi,Xiaomi 11T Pro 5G (12GB RAM + 256GB),38999,88.0,12.0,256.0,snapdragon,snapdragon,8.0,2.84,5000.0,120.0,120,108.0,16.0,3,1,1,android
629,Vivo,Vivo Y10,12490,63.0,4.0,128.0,helio,helio,8.0,2.3,5000.0,,60,13.0,8.0,2,0,0,android
630,Samsung,Samsung Galaxy A83 5G,39990,86.0,6.0,128.0,snapdragon,snapdragon,8.0,3.2,4500.0,25.0,120,64.0,10.0,3,1,1,android
631,Vivo,Vivo Y33s,16685,80.0,8.0,128.0,helio,helio,8.0,2.0,5000.0,18.0,60,50.0,16.0,3,0,0,android
632,Huawei,Huawei Mate 40 Pro 4G,69990,,8.0,128.0,kirin,kirin,8.0,3.13,4400.0,66.0,90,50.0,13.0,3,0,1,other
633,Micromax,Micromax IN 2B,6999,66.0,4.0,64.0,unisoc,unisoc,8.0,1.8,5000.0,,60,13.0,5.0,2,0,0,android
634,Asus,Asus ROG Phone 6,71999,86.0,12.0,256.0,snapdragon,snapdragon,8.0,3.2,6000.0,65.0,165,50.0,12.0,3,1,1,android
635,Realme,Realme X7 Max,26999,84.0,8.0,128.0,dimensity,dimensity,8.0,3.0,4500.0,50.0,120,64.0,16.0,3,1,1,android
636,Realme,Realme 8 5G,16499,75.0,4.0,128.0,dimensity,dimensity,8.0,2.2,5000.0,18.0,90,48.0,16.0,3,1,0,android
637,Oppo,OPPO A55 5G,17990,74.0,6.0,128.0,dimensity,dimensity,8.0,2.2,5000.0,,60,13.0,8.0,3,1,0,android
638,Xiaomi,Xiaomi Redmi 9,8999,68.0,4.0,64.0,helio,helio,8.0,2.3,5000.0,,60,13.0,5.0,2,0,0,android
639,Apple,Apple iPhone SE 2020,39900,63.0,3.0,64.0,bionic,bionic,6.0,2.65,1821.0,18.0,60,12.0,7.0,1,0,1,ios
640,Letv,Letv Y1 Pro Plus,5999,60.0,6.0,64.0,tiger,tiger,4.0,1.8,4000.0,10.0,60,8.0,5.0,2,0,0,android
641,OnePlus,OnePlus Nord 5,34999,76.0,8.0,128.0,dimensity,dimensity,8.0,,5000.0,120.0,120,64.0,32.0,3,1,1,android
642,Vivo,Vivo Y73T,16990,77.0,8.0,128.0,dimensity,dimensity,8.0,2.0,6000.0,44.0,60,50.0,8.0,2,1,0,android
643,Oppo,OPPO Reno 9 Z,22990,84.0,8.0,128.0,snapdragon,snapdragon,8.0,2.2,4800.0,33.0,120,50.0,32.0,3,1,1,android
644,Vivo,Vivo V25e,19990,84.0,8.0,256.0,helio,helio,8.0,2.2,4500.0,44.0,90,64.0,32.0,3,0,0,android
645,Infinix,Infinix Hot 12 Pro,10850,74.0,6.0,64.0,tiger,tiger,8.0,2.0,5000.0,18.0,90,50.0,8.0,2,0,0,android
646,Realme,Realme Narzo 50 5G (4GB RAM + 64GB),13499,75.0,4.0,64.0,dimensity,dimensity,8.0,2.4,5000.0,33.0,90,48.0,16.0,3,1,0,android
647,Itel,itel Vision 3,6699,61.0,3.0,64.0,unisoc,unisoc,8.0,1.6,5000.0,18.0,60,8.0,5.0,2,0,0,android
648,Oppo,OPPO A96 4G,17999,80.0,8.0,128.0,snapdragon,snapdragon,8.0,2.4,5000.0,33.0,90,50.0,16.0,2,0,0,android
649,Xiaomi,Xiaomi Redmi Note 11E 5G,13990,69.0,4.0,128.0,dimensity,dimensity,8.0,2.2,5000.0,18.0,90,50.0,5.0,2,1,0,android
650,Honor,Honor Magic 4 Pro Plus 5G,94990,,12.0,512.0,snapdragon,snapdragon,8.0,3.0,4600.0,120.0,120,50.0,13.0,4,1,1,android
651,Tecno,Tecno Spark 9T,8968,72.0,4.0,64.0,helio,helio,8.0,2.3,5000.0,18.0,60,50.0,8.0,3,0,0,android
652,Infinix,Infinix Smart 6,7320,60.0,2.0,64.0,helio,helio,4.0,2.0,5000.0,,60,8.0,5.0,2,0,0,android
653,Realme,Realme C25Y (4GB RAM + 64GB),8999,69.0,4.0,64.0,tiger,tiger,8.0,1.8,5000.0,18.0,60,50.0,8.0,3,0,0,android
654,Samsung,Samsung Galaxy A12 (6GB RAM + 128GB),13999,75.0,6.0,128.0,helio,helio,8.0,2.3,5000.0,15.0,60,48.0,8.0,4,0,0,android
655,Tecno,Tecno Camon 19,14746,79.0,6.0,128.0,helio,helio,8.0,2.0,5000.0,18.0,60,64.0,16.0,3,0,1,android
656,Xiaomi,Xiaomi Redmi Note 10 Pro 5G,16999,83.0,6.0,128.0,dimensity,dimensity,8.0,2.6,5000.0,67.0,120,64.0,16.0,3,1,1,android
657,Xiaomi,Xiaomi Mi 11X 5G (8GB RAM + 128GB),25990,83.0,8.0,128.0,snapdragon,snapdragon,8.0,3.2,4520.0,33.0,120,48.0,20.0,3,1,0,android
658,Xiaomi,Xiaomi Redmi Note 10 (6GB RAM + 128GB),16499,78.0,6.0,128.0,snapdragon,snapdragon,8.0,2.2,5000.0,33.0,60,48.0,13.0,4,0,0,android
659,Xiaomi,Xiaomi Redmi Note 10 Pro Max,19999,81.0,6.0,64.0,snapdragon,snapdragon,8.0,2.3,5020.0,33.0,120,108.0,16.0,4,0,0,android
660,Xiaomi,Xiaomi Mi 10T 5G,23500,80.0,6.0,128.0,snapdragon,snapdragon,8.0,2.84,5000.0,33.0,144,64.0,20.0,3,1,1,android
661,Lg,LG Velvet 5G,54999,85.0,6.0,128.0,snapdragon,snapdragon,8.0,2.4,4300.0,25.0,60,48.0,16.0,3,1,1,android
662,Motorola,Motorola One Fusion Plus,19499,80.0,6.0,128.0,snapdragon,snapdragon,8.0,2.2,5000.0,18.0,60,64.0,16.0,4,0,0,android
663,Lg,LG V60 ThinQ,79990,,8.0,128.0,snapdragon,snapdragon,8.0,2.84,5000.0,,60,64.0,10.0,3,1,1,
664,Samsung,Samsung Galaxy Note 10 Lite,39999,83.0,6.0,128.0,exynos,exynos,8.0,2.7,4500.0,25.0,60,12.0,32.0,3,0,1,android
665,Samsung,Samsung Galaxy Note 10 Plus 5G,92999,89.0,12.0,256.0,exynos,exynos,8.0,2.7,4300.0,,60,12.0,10.0,4,1,1,android
666,iQOO,iQOO Neo 7 Racing Edition,32990,84.0,8.0,256.0,snapdragon,snapdragon,8.0,3.2,5000.0,120.0,120,50.0,16.0,3,1,1,android
667,Samsung,Samsung Galaxy A04s (4GB RAM + 128GB),14499,72.0,4.0,128.0,exynos,exynos,8.0,2.0,5000.0,15.0,90,50.0,5.0,3,0,0,android
668,Vivo,Vivo Y35 5G,13999,70.0,4.0,128.0,dimensity,dimensity,8.0,2.2,5000.0,15.0,60,13.0,5.0,2,1,0,android
669,Vivo,Vivo Y02 (2GB RAM + 32GB),7999,,2.0,32.0,helio,helio,8.0,,5000.0,10.0,60,8.0,5.0,1,0,0,android
670,Itel,itel Vision 3 (2GB RAM + 32GB),5785,,2.0,32.0,unisoc,unisoc,8.0,1.6,5000.0,18.0,60,8.0,5.0,2,0,0,android
671,Xiaomi,Xiaomi Redmi Note 11R,12990,73.0,4.0,128.0,dimensity,dimensity,8.0,2.2,5000.0,18.0,90,13.0,5.0,2,1,0,android
672,POCO,Poco M6 Pro,19990,84.0,8.0,128.0,dimensity,dimensity,8.0,2.5,5100.0,120.0,120,108.0,32.0,3,1,0,android
673,Oppo,OPPO A97 5G,23990,79.0,12.0,256.0,dimensity,dimensity,8.0,2.4,5000.0,33.0,90,48.0,8.0,2,1,0,android
674,Samsung,Samsung Galaxy A24,17999,77.0,6.0,64.0,exynos,exynos,8.0,1.8,4000.0,15.0,60,48.0,16.0,3,0,0,android
675,Infinix,Infinix Note 13 Pro,16999,80.0,6.0,128.0,helio,helio,8.0,2.2,5000.0,120.0,60,108.0,16.0,4,0,0,android
676,Honor,Honor Play 30,9999,68.0,4.0,128.0,snapdragon,snapdragon,8.0,2.2,5000.0,,60,13.0,5.0,1,1,0,android
677,Infinix,Infinix Smart 6 Plus,8299,63.0,3.0,64.0,helio,helio,8.0,2.0,5000.0,,60,8.0,5.0,2,0,0,android
678,Sony,Sony Xperia 5 IV 5G,82199,89.0,8.0,256.0,snapdragon,snapdragon,8.0,3.0,5000.0,30.0,120,12.0,12.0,3,1,1,android
679,Nubia,Nubia Z40 Pro 5G,49990,84.0,8.0,128.0,snapdragon,snapdragon,8.0,3.0,5000.0,80.0,144,64.0,16.0,3,1,1,android
680,Nokia,Nokia G21,11999,71.0,4.0,64.0,unisoc,unisoc,8.0,1.6,5050.0,18.0,90,50.0,8.0,3,0,0,android
681,Xiaomi,Xiaomi 12 Lite 5G,29990,82.0,6.0,128.0,snapdragon,snapdragon,8.0,2.4,4300.0,67.0,120,108.0,32.0,3,1,1,android
682,Oppo,Oppo Find N 5G,92249,,8.0,256.0,snapdragon,snapdragon,8.0,2.84,4500.0,33.0,120,50.0,32.0,3,1,1,android
683,Apple,Apple iPhone 13 Pro Max (256GB),139900,84.0,6.0,256.0,bionic,bionic,6.0,3.22,4352.0,,120,12.0,12.0,3,1,1,ios
684,Vivo,Vivo Y21s,14990,74.0,4.0,128.0,helio,helio,8.0,2.0,5000.0,18.0,60,50.0,8.0,3,0,0,android
685,Oppo,OPPO F19s,15988,79.0,6.0,128.0,snapdragon,snapdragon,8.0,2.0,5000.0,33.0,60,48.0,16.0,3,0,0,android
686,Samsung,Samsung Galaxy M21 2021,11725,76.0,4.0,64.0,exynos,exynos,8.0,2.3,6000.0,15.0,60,48.0,20.0,3,0,0,android
687,Oppo,OPPO F19 Pro,17994,80.0,8.0,128.0,helio,helio,8.0,2.2,4310.0,30.0,60,48.0,16.0,4,0,0,android
688,Oppo,OPPO X 2021,134999,86.0,8.0,256.0,snapdragon,snapdragon,8.0,2.84,4000.0,45.0,60,64.0,16.0,3,0,0,android
689,OnePlus,OnePlus Nord N10,25595,81.0,6.0,128.0,snapdragon,snapdragon,8.0,2.0,4300.0,30.0,90,64.0,16.0,4,1,1,android
690,Gionee,Gionee M12 Pro,7499,67.0,6.0,128.0,helio,helio,8.0,1.99,4000.0,,60,16.0,13.0,1,0,0,android
691,POCO,Poco M2,10890,74.0,6.0,64.0,helio,helio,8.0,2.0,5000.0,18.0,60,13.0,8.0,4,0,0,android
692,Oppo,OPPO F17 Pro,18990,83.0,8.0,128.0,helio,helio,8.0,2.2,4015.0,30.0,60,48.0,16.0,4,0,0,android
693,Motorola,Motorola Moto G 5G,19990,82.0,6.0,128.0,snapdragon,snapdragon,8.0,2.2,5000.0,20.0,60,48.0,16.0,3,1,1,android
694,Samsung,Samsung Galaxy A50s,15990,80.0,4.0,128.0,exynos,exynos,8.0,2.3,4000.0,15.0,60,48.0,32.0,3,0,1,android
695,Samsung,Samsung Galaxy Note 10 Plus,58999,89.0,12.0,256.0,exynos,exynos,8.0,2.73,4300.0,45.0,60,12.0,10.0,4,0,1,android
696,Vivo,Vivo Y15,12500,71.0,4.0,64.0,helio,helio,8.0,2.0,5000.0,,60,13.0,16.0,3,0,0,android
697,Vivo,Vivo S1 Pro,29999,82.0,8.0,128.0,snapdragon,snapdragon,8.0,2.0,4500.0,18.0,60,48.0,32.0,4,0,0,android
698,Vivo,Vivo T3 Pro,31990,86.0,8.0,256.0,snapdragon,snapdragon,8.0,2.7,4700.0,80.0,120,64.0,32.0,3,1,0,android
699,Vivo,Vivo V21s,29999,86.0,8.0,128.0,dimensity,dimensity,8.0,2.4,4000.0,33.0,90,64.0,44.0,3,1,1,android
700,Asus,Asus ROG Phone 6D Ultimate,107990,,16.0,512.0,dimensity,dimensity,8.0,3.2,6000.0,65.0,165,50.0,12.0,3,1,1,
701,Motorola,Motorola Moto Edge 30 Neo,31990,84.0,8.0,128.0,snapdragon,snapdragon,8.0,2.2,4020.0,68.0,120,64.0,32.0,2,1,1,android
702,Xiaomi,Xiaomi 12T,48990,87.0,8.0,128.0,dimensity,dimensity,8.0,2.85,5000.0,120.0,120,108.0,20.0,3,1,1,android
703,Huawei,Huawei Mate 50 Pro 5G,99990,85.0,8.0,256.0,kirin,kirin,8.0,3.13,4500.0,66.0,120,64.0,13.0,3,1,1,other
704,Realme,Realme C32,9499,65.0,4.0,64.0,tiger,tiger,8.0,1.82,5000.0,,60,13.0,5.0,3,0,0,android
705,Huawei,Huawei Mate Xs 2,162990,89.0,8.0,512.0,snapdragon,snapdragon,8.0,2.84,4600.0,66.0,120,50.0,10.7,3,0,1,
706,iQOO,iQOO Z7 Pro 5G,24999,80.0,6.0,128.0,snapdragon,snapdragon,8.0,2.36,5000.0,67.0,144,50.0,16.0,3,1,0,android
707,Apple,Apple iPhone 15,82990,72.0,6.0,128.0,bionic,bionic,,,3285.0,,60,50.0,13.0,2,0,1,ios
708,Infinix,Infinix Note 11S (8GB RAM + 128GB),15999,79.0,8.0,128.0,helio,helio,8.0,2.05,5000.0,33.0,120,50.0,16.0,3,0,0,android
709,Tecno,Tecno Spark 8 (4GB RAM + 64GB),8999,64.0,4.0,64.0,helio,helio,8.0,1.8,5000.0,,60,16.0,8.0,2,0,0,android
710,Oppo,Oppo A56 5G,17990,73.0,6.0,128.0,dimensity,dimensity,8.0,2.2,5000.0,,60,13.0,8.0,2,1,0,android
711,Vivo,Vivo X80 Pro Plus 5G,82990,,12.0,256.0,snapdragon,snapdragon,8.0,3.2,4500.0,120.0,120,50.0,32.0,4,1,1,android
712,Xiaomi,Xiaomi Redmi 10 Prime (6GB RAM + 128GB),12999,77.0,6.0,128.0,helio,helio,8.0,2.0,6000.0,18.0,90,50.0,8.0,4,0,0,android
713,Huawei,Huawei Nova 9,29990,83.0,8.0,128.0,snapdragon,snapdragon,8.0,2.4,4300.0,66.0,120,50.0,32.0,4,0,1,other
714,Tecno,Tecno Pop 5 Go,6999,,1.0,16.0,spreadtrum,spreadtrum,4.0,1.3,4000.0,,60,5.0,5.0,2,0,0,android
715,Huawei,Huawei P50 Pro 4G,60999,,8.0,256.0,snapdragon,snapdragon,8.0,2.84,4360.0,66.0,120,50.0,13.0,4,0,1,other
716,Xiaomi,Xiaomi Redmi K50 5G,27990,83.0,8.0,128.0,dimensity,dimensity,8.0,2.85,5500.0,67.0,120,48.0,20.0,3,1,1,android
717,Nokia,Nokia C01 Plus,5249,,2.0,16.0,unisoc,unisoc,8.0,1.6,3000.0,,60,5.0,5.0,1,0,0,android
718,Realme,Realme Q3,14999,80.0,6.0,128.0,snapdragon,snapdragon,8.0,2.2,5000.0,30.0,120,48.0,16.0,3,1,0,android
719,Oppo,OPPO Reno 6 Pro Plus 5G,44990,87.0,8.0,128.0,snapdragon,snapdragon,8.0,3.2,4500.0,65.0,90,50.0,32.0,4,1,1,android
720,Motorola,Motorola Edge S,22490,87.0,6.0,128.0,snapdragon,snapdragon,8.0,3.2,5000.0,20.0,90,64.0,16.0,4,1,1,android
721,Oppo,Oppo Find X3 Pro,50990,,12.0,256.0,snapdragon,snapdragon,8.0,2.84,4500.0,65.0,120,50.0,32.0,4,1,1,android
722,POCO,Poco M3,11499,75.0,6.0,64.0,snapdragon,snapdragon,8.0,2.0,6000.0,18.0,60,48.0,8.0,3,0,0,android
723,Itel,itel S16,5990,,1.0,16.0,unisoc,unisoc,4.0,1.3,4000.0,,60,8.0,8.0,3,0,0,android
724,Vivo,Vivo V20 Pro,27000,84.0,8.0,128.0,snapdragon,snapdragon,8.0,2.4,4000.0,33.0,60,64.0,44.0,3,1,0,android
725,Xiaomi,Xiaomi Mi 10T Pro 5G,29999,86.0,8.0,128.0,snapdragon,snapdragon,8.0,2.84,5000.0,33.0,144,108.0,20.0,3,1,1,android
726,Vivo,Vivo V19 (8GB RAM + 256GB),27990,84.0,8.0,256.0,snapdragon,snapdragon,8.0,2.3,4500.0,33.0,60,48.0,32.0,4,0,0,android
727,Samsung,Samsung Galaxy S20 5G,74999,89.0,8.0,128.0,exynos,exynos,8.0,2.73,4000.0,25.0,60,64.0,10.0,3,1,1,android
728,Vivo,Vivo U3,9990,72.0,4.0,64.0,snapdragon,snapdragon,8.0,2.0,5000.0,18.0,60,16.0,16.0,3,0,0,android
729,Oppo,Oppo K5 (8GB RAM + 128GB),19990,82.0,8.0,128.0,snapdragon,snapdragon,8.0,2.2,4000.0,30.0,60,64.0,32.0,4,0,0,android
730,Realme,Realme XT,13279,75.0,4.0,64.0,snapdragon,snapdragon,8.0,2.3,4000.0,20.0,60,64.0,16.0,4,0,0,android
731,Vivo,Vivo Y12 (3GB RAM + 64GB),11000,68.0,3.0,64.0,helio,helio,8.0,2.0,5000.0,,60,13.0,8.0,3,0,0,android
732,Xiaomi,Xiaomi Poco F1 (6GB RAM + 128GB),12999,78.0,6.0,128.0,snapdragon,snapdragon,8.0,2.8,4000.0,,60,12.0,20.0,2,0,0,android
733,POCO,Poco C50 (3GB RAM + 32GB),7299,61.0,3.0,32.0,helio,helio,4.0,2.0,5000.0,10.0,60,8.0,5.0,2,0,0,android
734,Ikall,iKall Z19,7999,61.0,4.0,32.0,,,4.0,1.6,5000.0,,60,20.0,13.0,1,0,0,android
735,Xiaomi,Xiaomi Redmi K60 Gaming Edition,54990,86.0,8.0,128.0,snapdragon,snapdragon,8.0,3.2,5000.0,67.0,120,50.0,20.0,3,1,1,android
736,Vivo,Vivo S17 Pro,49990,77.0,12.0,256.0,dimensity,dimensity,8.0,,5000.0,120.0,120,50.0,32.0,3,1,1,android
737,Honor,Honor 80 Pro Plus,54990,,12.0,256.0,snapdragon,snapdragon,8.0,3.0,4500.0,100.0,120,200.0,50.0,3,1,1,android
738,Apple,Apple iPhone SE 4,49990,60.0,4.0,64.0,bionic,bionic,6.0,3.22,,,60,12.0,10.8,1,1,1,ios
739,Tecno,Tecno Pova Neo 5G,15499,71.0,4.0,128.0,dimensity,dimensity,8.0,2.4,6000.0,18.0,120,50.0,8.0,2,0,0,android
740,Apple,Apple iPhone 14 Pro Max (512GB),169900,78.0,6.0,512.0,bionic,bionic,6.0,,4323.0,,120,48.0,12.0,3,1,1,ios
741,Google,Google Pixel 8,53990,75.0,8.0,128.0,google,google,8.0,,4830.0,67.0,120,50.0,10.1,2,1,1,android
742,Vivo,Vivo T2x 5G,18990,80.0,8.0,128.0,dimensity,dimensity,8.0,3.0,6000.0,44.0,120,50.0,16.0,2,1,0,android
743,Motorola,Motorola Moto G52 5G,16999,76.0,4.0,64.0,snapdragon,snapdragon,8.0,2.2,5000.0,33.0,90,50.0,16.0,3,1,1,android
744,Motorola,Motorola Edge 40 5G,34999,86.0,8.0,128.0,snapdragon,snapdragon,8.0,2.36,4200.0,67.0,144,50.0,32.0,3,1,1,android
745,Vivo,Vivo X Note 5G (12GB RAM + 512GB),82990,,12.0,512.0,snapdragon,snapdragon,8.0,3.0,5000.0,80.0,120,50.0,16.0,4,1,1,android
746,Realme,Realme GT 2 Pro 5G (12GB RAM + 256GB),46999,89.0,12.0,256.0,snapdragon,snapdragon,8.0,3.0,5000.0,65.0,120,50.0,32.0,3,1,1,android
747,Vivo,Vivo Y15C,8499,66.0,3.0,32.0,helio,helio,8.0,2.3,5000.0,,60,13.0,8.0,2,0,0,android
748,Honor,Honor X8,16999,76.0,6.0,128.0,snapdragon,snapdragon,8.0,2.4,4000.0,22.0,90,64.0,16.0,4,0,0,android
749,Samsung,Samsung Galaxy A03 (4GB RAM + 64GB),11499,69.0,4.0,64.0,unisoc,unisoc,8.0,1.6,5000.0,15.0,60,48.0,5.0,2,0,0,android
750,Samsung,Samsung Galaxy S22 Plus 5G (8GB RAM + 256GB),88999,88.0,8.0,256.0,snapdragon,snapdragon,8.0,3.0,4500.0,45.0,120,50.0,10.0,3,1,1,android
751,Vivo,Vivo Y33T,15990,81.0,8.0,128.0,snapdragon,snapdragon,8.0,2.4,5000.0,18.0,90,50.0,16.0,3,0,0,android
752,Xiaomi,Xiaomi 11i 5G (8GB RAM + 128GB),24990,83.0,8.0,128.0,dimensity,dimensity,8.0,2.5,5160.0,67.0,120,108.0,16.0,3,1,0,android
753,Oppo,Oppo Find X5 Pro 5G,79990,,8.0,256.0,snapdragon,snapdragon,8.0,3.0,5000.0,80.0,120,50.0,32.0,3,1,1,android
754,Tecno,Tecno Spark Go 2022,6249,61.0,2.0,32.0,,,8.0,2.2,5000.0,,60,13.0,8.0,2,0,0,android
755,Vivo,Vivo Y21e,12499,69.0,3.0,64.0,snapdragon,snapdragon,8.0,2.4,5000.0,18.0,60,13.0,8.0,2,0,0,android
756,Xiaomi,Xiaomi Redmi 9A Sport,6499,61.0,2.0,32.0,helio,helio,8.0,2.0,5000.0,,60,13.0,5.0,1,0,0,android
757,Apple,Apple iPhone 13 Pro Max (1TB),179900,86.0,6.0,1024.0,bionic,bionic,6.0,3.22,4352.0,,120,12.0,12.0,3,1,1,ios
758,Vivo,Vivo Y12G (3GB RAM + 64GB),11990,68.0,3.0,64.0,snapdragon,snapdragon,8.0,2.0,5000.0,,60,13.0,8.0,3,0,0,android
759,Vivo,Vivo V23e,26990,82.0,8.0,128.0,helio,helio,8.0,2.05,4050.0,44.0,60,64.0,50.0,3,0,0,android
760,Samsung,Samsung Galaxy F22 (6GB RAM + 128GB),13499,76.0,6.0,128.0,helio,helio,8.0,2.0,6000.0,,90,48.0,13.0,4,0,0,android
761,Xiaomi,Xiaomi 12 Ultra 5G,75999,,12.0,256.0,snapdragon,snapdragon,8.0,3.2,4800.0,67.0,120,50.0,20.0,3,1,1,android
762,Micromax,Micromax IN 2C,5999,60.0,3.0,32.0,tiger,tiger,8.0,1.8,5000.0,,60,8.0,5.0,1,0,0,android
763,Samsung,Samsung Galaxy A03s,8499,67.0,3.0,32.0,helio,helio,8.0,2.3,5000.0,15.0,60,13.0,5.0,3,0,0,android
764,Oppo,OPPO A54 (4GB RAM + 128GB),11990,71.0,4.0,128.0,helio,helio,8.0,2.3,5000.0,,60,13.0,16.0,3,0,0,android
765,Xiaomi,Xiaomi Redmi 20X,10990,77.0,4.0,128.0,dimensity,dimensity,8.0,2.2,5000.0,18.0,90,48.0,13.0,4,1,0,android
766,Xiaomi,Xiaomi Mi Mix Fold,109990,,12.0,256.0,snapdragon,snapdragon,8.0,2.84,5020.0,67.0,90,108.0,20.0,3,1,1,android
767,Realme,Realme Narzo 30 5G,16999,80.0,6.0,128.0,dimensity,dimensity,8.0,2.2,5000.0,18.0,90,48.0,16.0,3,1,1,android
768,Oppo,OPPO A54,12199,70.0,4.0,64.0,helio,helio,8.0,2.3,5000.0,,60,13.0,16.0,3,0,0,android
769,Oppo,Oppo A15s (4GB RAM + 128GB),11490,72.0,4.0,128.0,helio,helio,8.0,2.3,4230.0,,60,13.0,8.0,3,0,0,android
770,Itel,itel A56,5490,,1.0,16.0,,,4.0,1.3,4000.0,,60,8.0,5.0,2,0,0,android
771,Xiaomi,Xiaomi Redmi 9 Power,11499,74.0,4.0,64.0,snapdragon,snapdragon,8.0,2.0,6000.0,18.0,60,48.0,8.0,4,0,0,android
772,Samsung,Samsung Galaxy S21 Plus,59450,88.0,8.0,128.0,exynos,exynos,8.0,2.9,4800.0,25.0,120,64.0,10.0,3,1,1,android
773,POCO,POCO M2 Pro,12799,76.0,4.0,64.0,snapdragon,snapdragon,8.0,2.3,5000.0,33.0,60,48.0,16.0,4,0,0,android
774,Samsung,Samsung Galaxy S20 Plus,83000,88.0,8.0,128.0,exynos,exynos,8.0,2.73,4500.0,25.0,120,64.0,10.0,4,0,1,android
775,Realme,Realme 6 Pro,14490,80.0,6.0,64.0,snapdragon,snapdragon,8.0,2.3,4300.0,30.0,90,64.0,16.0,4,0,0,android
776,Huawei,Huawei P40 Pro,82990,,8.0,256.0,kirin,kirin,8.0,2.86,4200.0,40.0,90,50.0,32.0,4,1,1,android
777,Vivo,Vivo Y11 (2019),9490,64.0,3.0,32.0,snapdragon,snapdragon,8.0,2.0,5000.0,,60,13.0,8.0,2,0,0,android
778,Vivo,Vivo V15 Pro (8GB RAM +128GB),25000,78.0,8.0,128.0,snapdragon,snapdragon,8.0,2.0,3700.0,,60,48.0,32.0,3,0,0,android
779,Vivo,Vivo Y95,15000,65.0,4.0,64.0,snapdragon,snapdragon,8.0,1.95,4030.0,,60,13.0,20.0,2,0,0,android
780,Vivo,Vivo V11i,20990,70.0,4.0,128.0,helio,helio,8.0,2.0,3315.0,,60,16.0,25.0,2,0,0,android
781,Samsung,Samsung Galaxy S9 Plus (128GB),34999,78.0,6.0,128.0,exynos,exynos,8.0,2.8,3500.0,,60,12.0,8.0,2,0,1,android
782,Realme,Realme GT Neo 4T,29999,80.0,8.0,128.0,snapdragon,snapdragon,8.0,3.0,5000.0,120.0,144,50.0,16.0,3,1,0,android
783,Vivo,Vivo Y53t,11999,67.0,4.0,128.0,dimensity,dimensity,8.0,2.0,6000.0,15.0,60,13.0,5.0,2,1,0,android
784,Samsung,Samsung Galaxy A04 (4GB RAM + 128GB),12999,72.0,4.0,128.0,helio,helio,8.0,2.3,5000.0,,60,50.0,5.0,2,0,0,android
785,Leitz,Leitz Phone 2,124990,89.0,12.0,256.0,snapdragon,snapdragon,8.0,3.0,5000.0,,240,47.2,12.6,2,1,1,android
786,Xiaomi,Xiaomi Redmi K60i,28999,85.0,8.0,128.0,dimensity,dimensity,8.0,3.1,5080.0,120.0,120,50.0,32.0,3,1,0,android
787,Infinix,Infinix Hot 20S,12999,77.0,8.0,128.0,helio,helio,8.0,2.05,5000.0,18.0,60,50.0,8.0,2,0,0,android
788,Realme,Realme GT Neo 3T (8GB RAM + 256GB),28499,82.0,8.0,256.0,snapdragon,snapdragon,8.0,3.2,5000.0,80.0,120,64.0,16.0,3,1,0,android
789,Apple,Apple iPhone 14 Plus (512GB),104999,83.0,6.0,512.0,bionic,bionic,6.0,3.22,4325.0,,60,12.0,12.0,2,1,1,ios
790,Apple,Apple iPhone 14 Pro (1TB),172999,77.0,6.0,1024.0,bionic,bionic,6.0,,3200.0,,120,48.0,12.0,3,1,1,ios
791,Xiaomi,Xiaomi Redmi 13 Prime 5G,17990,79.0,6.0,128.0,snapdragon,snapdragon,8.0,2.0,5100.0,18.0,120,64.0,16.0,2,1,0,android
792,Xiaomi,Xiaomi Redmi 11 Prime (6GB RAM + 128GB),13774,76.0,6.0,128.0,helio,helio,8.0,2.2,5000.0,18.0,90,50.0,8.0,3,0,0,android
793,Nokia,Nokia C21 Plus (4GB RAM + 64GB),8999,64.0,4.0,64.0,unisoc,unisoc,8.0,1.6,5050.0,,60,13.0,5.0,2,0,0,android
794,OnePlus,OnePlus Nord N300,18990,75.0,4.0,64.0,dimensity,dimensity,8.0,2.4,5000.0,33.0,90,48.0,16.0,2,1,1,android
795,Tecno,Tecno Camon 19 Neo,14999,77.0,6.0,128.0,helio,helio,8.0,2.0,5000.0,18.0,90,48.0,32.0,3,0,1,android
796,Realme,Realme Narzo 50i Prime,7999,61.0,3.0,32.0,tiger,tiger,8.0,1.82,5000.0,10.0,60,8.0,5.0,1,0,0,android
797,Xiaomi,Xiaomi Redmi K50 Ultra 5G,39999,85.0,8.0,128.0,snapdragon,snapdragon,8.0,3.2,5000.0,120.0,144,108.0,20.0,3,1,1,android
798,Oppo,OPPO A57 4G,11990,67.0,3.0,64.0,helio,helio,8.0,2.3,5000.0,33.0,60,13.0,8.0,2,0,0,android
799,Infinix,Infinix Note 12 (6GB RAM + 128GB),12999,77.0,6.0,128.0,helio,helio,8.0,2.0,5000.0,33.0,60,50.0,16.0,3,0,0,android
800,Samsung,Samsung Galaxy S23 FE 5G,54999,77.0,8.0,128.0,,,8.0,,4500.0,,60,64.0,32.0,4,1,1,android
801,Samsung,Samsung Galaxy M51s 5G,24990,72.0,6.0,128.0,,,8.0,,6000.0,,60,64.0,32.0,3,1,0,android
802,Vivo,Vivo X80 5G (12GB RAM + 256GB),59999,88.0,12.0,256.0,dimensity,dimensity,8.0,3.05,4500.0,80.0,120,50.0,32.0,3,1,0,android
803,POCO,Poco X6 Pro 5G,19999,72.0,6.0,128.0,snapdragon,snapdragon,8.0,,5000.0,,120,64.0,32.0,4,1,0,android
804,Infinix,Infinix Note 12 (G96),16999,79.0,8.0,128.0,helio,helio,8.0,2.05,5000.0,33.0,60,50.0,16.0,3,0,0,android
805,Samsung,Samsung Galaxy M14,14999,60.0,4.0,64.0,exynos,exynos,8.0,,6000.0,,60,48.0,8.0,3,0,0,android
806,Vivo,Vivo T2 Pro 5G,29990,76.0,8.0,128.0,snapdragon,snapdragon,8.0,,4500.0,67.0,90,50.0,16.0,3,1,0,android
807,Xiaomi,Xiaomi Redmi 10 Prime Plus 5G,13990,69.0,4.0,128.0,dimensity,dimensity,8.0,2.2,5000.0,18.0,90,50.0,5.0,2,1,0,android
808,Xiaomi,Xiaomi Redmi Note 11 Pro 4G,17999,81.0,6.0,128.0,helio,helio,8.0,2.05,5000.0,67.0,120,108.0,16.0,4,0,0,android
809,Realme,Realme Narzo 50A Prime,11399,73.0,4.0,64.0,tiger,tiger,8.0,1.82,5000.0,18.0,60,50.0,8.0,3,0,0,android
810,Vivo,Vivo Y55s 5G,19990,79.0,8.0,128.0,dimensity,dimensity,8.0,2.2,6000.0,18.0,60,50.0,8.0,2,1,0,android
811,Vivo,Vivo Y21T,15499,74.0,4.0,128.0,snapdragon,snapdragon,8.0,2.4,5000.0,18.0,90,50.0,8.0,3,0,0,android
812,Gionee,Gionee K10,6999,,3.0,32.0,tiger,tiger,4.0,2.0,4800.0,,60,13.0,5.0,1,0,0,android
813,Xiaomi,Xiaomi Redmi Note 10 Lite (4GB RAM + 128GB),12499,77.0,4.0,128.0,snapdragon,snapdragon,8.0,2.3,5020.0,18.0,60,48.0,16.0,4,0,0,android
814,Apple,Apple iPhone 13 (512GB),91999,80.0,4.0,512.0,bionic,bionic,6.0,3.22,3240.0,,60,12.0,12.0,2,1,1,ios
815,Infinix,Infinix Hot 11S,9690,71.0,4.0,64.0,helio,helio,8.0,2.0,5000.0,,90,50.0,8.0,3,0,0,android
816,Realme,Realme GT Explorer Master Edition,32990,85.0,8.0,128.0,snapdragon,snapdragon,8.0,3.2,4500.0,65.0,120,50.0,32.0,3,1,1,android
817,Xiaomi,Xiaomi Mi 12 5G,42990,87.0,8.0,128.0,snapdragon,snapdragon,8.0,3.0,4500.0,67.0,120,50.0,32.0,3,1,1,android
818,Cat,CAT S22 Flip,14999,,2.0,16.0,snapdragon,snapdragon,4.0,1.3,2000.0,,60,5.0,2.0,1,0,0,
819,Xiaomi,Xiaomi Mi 11 Lite (8GB RAM + 128GB),18699,82.0,8.0,128.0,snapdragon,snapdragon,8.0,2.3,4250.0,33.0,90,64.0,16.0,3,0,0,android
820,Realme,Realme Q3i 5G,10990,76.0,4.0,128.0,dimensity,dimensity,8.0,2.2,5000.0,18.0,60,48.0,16.0,3,1,0,android
821,Xiaomi,Xiaomi Mi 11X Pro,30990,85.0,8.0,128.0,snapdragon,snapdragon,8.0,2.84,4520.0,33.0,120,108.0,20.0,3,1,0,android
822,Lenovo,Lenovo Legion Pro 2,59999,89.0,16.0,512.0,snapdragon,snapdragon,8.0,2.84,5000.0,120.0,144,64.0,20.0,2,1,1,android
823,Samsung,Samsung Galaxy M62,23999,83.0,6.0,128.0,exynos,exynos,8.0,2.73,7000.0,,60,64.0,32.0,4,0,1,android
824,Realme,Realme Q2i,9999,69.0,4.0,128.0,dimensity,dimensity,8.0,2.0,5000.0,18.0,60,13.0,8.0,3,1,0,android
825,Apple,Apple iPhone 12 Pro (256GB),119900,80.0,6.0,256.0,bionic,bionic,6.0,3.1,,,60,12.0,12.0,3,1,1,ios
826,Xiaomi,Xiaomi Redmi 9i (4GB RAM + 128GB),9299,67.0,4.0,128.0,helio,helio,8.0,2.0,5000.0,10.0,60,13.0,5.0,1,0,0,android
827,Realme,Realme 6 (6GB RAM + 64GB),12989,77.0,6.0,64.0,helio,helio,8.0,2.05,4300.0,30.0,90,64.0,16.0,4,0,0,android
828,Samsung,Samsung Galaxy A01 Core,4999,,1.0,16.0,mediatek,mediatek,4.0,1.5,3000.0,,60,8.0,5.0,1,0,0,android
829,Oppo,Oppo Reno 5,29990,83.0,8.0,128.0,snapdragon,snapdragon,8.0,2.4,4300.0,65.0,60,64.0,32.0,4,1,0,android
830,Oppo,Oppo A31 2020 (6GB RAM + 128GB),12490,72.0,6.0,128.0,helio,helio,8.0,2.3,4230.0,,60,12.0,8.0,3,0,0,android
831,Sony,Sony Xperia 10 II,27999,75.0,4.0,128.0,snapdragon,snapdragon,8.0,2.0,3600.0,18.0,90,12.0,8.0,3,0,1,android
832,Vivo,Vivo Y91c,8199,,2.0,32.0,helio,helio,8.0,2.0,4030.0,,60,13.0,5.0,1,0,0,android
833,Huawei,Huawei Nova 7i,21990,81.0,8.0,128.0,kirin,kirin,8.0,2.2,4200.0,40.0,60,48.0,16.0,4,0,0,android
834,Vivo,Vivo Y19,20000,73.0,4.0,128.0,helio,helio,8.0,2.0,5000.0,18.0,60,16.0,16.0,3,0,0,android
835,Vivo,Vivo U3 (6GB RAM + 64GB),11990,74.0,6.0,64.0,snapdragon,snapdragon,8.0,2.0,5000.0,18.0,60,16.0,16.0,3,0,0,android
836,Xiaomi,Xiaomi Redmi Note 9,11989,75.0,4.0,64.0,helio,helio,8.0,2.0,5020.0,22.0,60,48.0,13.0,4,0,0,android
837,Xiaomi,Xiaomi Redmi 8 (4GB RAM + 64GB),11490,66.0,4.0,64.0,snapdragon,snapdragon,8.0,2.0,5000.0,18.0,60,12.0,8.0,2,0,0,android
838,Motorola,Motorola One Macro,11490,68.0,4.0,64.0,helio,helio,8.0,2.0,4000.0,10.0,60,13.0,8.0,3,0,0,android
839,Google,Google Pixel 3a XL,15999,67.0,4.0,64.0,snapdragon,snapdragon,8.0,2.0,3700.0,18.0,60,12.2,8.0,1,0,1,android
840,Samsung,Samsung Galaxy A40,17990,69.0,4.0,64.0,exynos,exynos,8.0,2.2,3100.0,15.0,60,16.0,25.0,2,0,0,android
841,Samsung,Samsung Galaxy S10 5G,78990,86.0,8.0,256.0,exynos,exynos,8.0,2.7,4500.0,25.0,60,16.0,10.0,3,1,1,android
842,Huawei,Huawei Honor 9N,10949,66.0,4.0,64.0,kirin,kirin,8.0,2.36,3000.0,,60,13.0,16.0,2,0,0,android
843,Xiaomi,Xiaomi Redmi Note 4,10300,65.0,4.0,64.0,snapdragon,snapdragon,8.0,2.0,4100.0,,60,13.0,5.0,1,0,0,android
844,Doogee,Doogee V Max,45999,88.0,12.0,256.0,dimensity,dimensity,8.0,2.6,22000.0,33.0,120,108.0,32.0,3,1,0,android
845,Huawei,Huawei Nova Y61,21990,63.0,4.0,64.0,,,8.0,,5000.0,22.0,60,50.0,5.0,3,0,0,other
846,iQOO,iQOO Z9,19990,76.0,8.0,128.0,snapdragon,snapdragon,8.0,,5000.0,45.0,120,64.0,16.0,3,1,0,android
847,Vivo,Vivo V29,32990,84.0,8.0,256.0,snapdragon,snapdragon,8.0,2.4,5000.0,80.0,120,64.0,32.0,3,1,0,android
848,POCO,Poco M5 (6GB RAM + 128GB),14499,77.0,6.0,128.0,helio,helio,8.0,2.2,5000.0,18.0,90,50.0,8.0,3,0,0,android
849,Nokia,Nokia X30,41990,85.0,6.0,128.0,snapdragon,snapdragon,8.0,2.2,4200.0,33.0,90,50.0,16.0,2,1,1,android
850,Tecno,Tecno Pova Neo 2,13990,67.0,6.0,128.0,helio,helio,8.0,2.0,7000.0,,90,16.0,8.0,2,0,0,android
851,Vivo,Vivo Y15C (3GB RAM + 64GB),10490,67.0,3.0,64.0,helio,helio,8.0,2.3,5000.0,,60,13.0,8.0,2,0,0,android
852,Huawei,Huawei Nova 10,29990,82.0,8.0,128.0,snapdragon,snapdragon,8.0,2.4,4000.0,66.0,120,50.0,60.0,3,0,0,other
853,Huawei,Huawei Nova Y90,22990,82.0,8.0,128.0,snapdragon,snapdragon,8.0,2.4,5000.0,40.0,90,50.0,8.0,4,0,1,other
854,Samsung,Samsung Galaxy A92 5G,47990,80.0,8.0,128.0,dimensity,dimensity,8.0,3.0,5000.0,,60,48.0,16.0,3,1,0,android
855,Infinix,Infinix Note 12 VIP,19999,84.0,8.0,128.0,helio,helio,8.0,2.05,4500.0,120.0,120,108.0,16.0,3,0,0,android
856,OnePlus,OnePlus Nord 4 5G,29999,83.0,8.0,128.0,snapdragon,snapdragon,8.0,2.36,4500.0,80.0,120,50.0,32.0,3,1,1,android
857,Realme,Realme Narzo 50A Prime (4GB RAM + 128GB),11879,74.0,4.0,128.0,tiger,tiger,8.0,1.82,5000.0,18.0,60,50.0,8.0,3,0,0,android
858,OnePlus,OnePlus Ace 5G,28990,84.0,8.0,128.0,dimensity,dimensity,8.0,2.85,4500.0,150.0,120,50.0,16.0,3,1,1,android
859,iQOO,iQOO 9 5G (12GB RAM + 256GB),39990,85.0,12.0,256.0,snapdragon,snapdragon,8.0,2.9,4350.0,120.0,120,48.0,16.0,3,1,0,android
860,Xiaomi,Xiaomi Redmi Note 12T 5G,15999,78.0,6.0,64.0,dimensity,dimensity,8.0,2.0,5000.0,33.0,90,64.0,16.0,3,1,0,android
861,Oppo,Oppo A96 5G,22990,82.0,8.0,256.0,snapdragon,snapdragon,8.0,2.2,4500.0,33.0,60,48.0,16.0,2,1,0,android
862,Royole,Royole FlexPai 3 5G,149999,87.0,8.0,128.0,snapdragon,snapdragon,8.0,2.84,3360.0,,60,64.0,32.0,3,1,0,
863,Tecno,Tecno Camon 18,11499,75.0,4.0,128.0,helio,helio,8.0,2.0,5000.0,18.0,90,48.0,16.0,3,0,1,android
864,Tecno,Tecno Phantom X Pro,22999,84.0,8.0,256.0,helio,helio,8.0,2.05,5000.0,44.0,120,50.0,48.0,4,0,0,android
865,Tecno,Tecno Spark 8T,7999,70.0,4.0,64.0,helio,helio,8.0,2.3,5000.0,,60,50.0,8.0,2,0,0,android
866,Realme,Realme GT Neo2 5G,31999,82.0,8.0,128.0,snapdragon,snapdragon,8.0,3.2,5000.0,65.0,120,64.0,16.0,3,1,1,android
867,Sony,Sony Xperia 10 III Lite 5G,30990,78.0,6.0,64.0,snapdragon,snapdragon,8.0,2.0,4500.0,30.0,60,12.0,8.0,3,1,1,android
868,Realme,Realme G1,7999,64.0,3.0,32.0,helio,helio,8.0,2.3,6000.0,,60,13.0,5.0,3,0,0,android
869,Tecno,Tecno Pova 2,10999,74.0,4.0,64.0,helio,helio,8.0,2.0,7000.0,18.0,60,48.0,8.0,4,0,0,android
870,POCO,Poco X4,14990,79.0,6.0,128.0,dimensity,dimensity,8.0,2.2,5000.0,67.0,120,50.0,16.0,3,1,0,android
871,Motorola,Motorola Moto G40 Fusion,14499,77.0,4.0,64.0,snapdragon,snapdragon,8.0,2.3,6000.0,20.0,120,64.0,16.0,3,0,0,android
872,OnePlus,OnePlus 9T,44999,86.0,8.0,128.0,snapdragon,snapdragon,8.0,2.84,4500.0,65.0,120,108.0,16.0,4,1,1,android
873,Realme,Realme 8 (8GB RAM + 128GB),17999,83.0,8.0,128.0,helio,helio,8.0,2.0,5000.0,30.0,60,64.0,16.0,4,0,0,android
874,Realme,Realme Narzo 30 Pro 5G (8GB RAM +128GB),19999,83.0,8.0,128.0,dimensity,dimensity,8.0,2.4,5000.0,30.0,120,48.0,16.0,3,1,0,android
875,Itel,Itel A23 Pro,3999,,1.0,8.0,spreadtrum,spreadtrum,4.0,1.4,2400.0,,60,5.0,2.0,1,0,0,android
876,Samsung,Samsung Galaxy S21 Ultra 5G (12GB RAM + 128GB),101999,,12.0,128.0,exynos,exynos,8.0,2.9,5000.0,25.0,120,108.0,40.0,4,1,1,android
877,Oppo,Oppo Reno 5 Pro 5G,38700,84.0,8.0,128.0,dimensity,dimensity,8.0,2.6,4350.0,65.0,90,64.0,32.0,4,1,0,android
878,OnePlus,OnePlus Nord SE,19999,73.0,4.0,64.0,snapdragon,snapdragon,8.0,2.0,4500.0,65.0,60,48.0,13.0,4,0,0,android
879,Samsung,Samsung Galaxy M12,10999,72.0,4.0,64.0,exynos,exynos,8.0,2.0,6000.0,15.0,90,48.0,8.0,4,0,0,android
880,OnePlus,OnePlus Nord N100,16990,68.0,4.0,64.0,snapdragon,snapdragon,8.0,1.8,5000.0,18.0,90,13.0,8.0,3,0,0,android
881,Apple,Apple iPhone 12 Mini (256GB),55999,75.0,4.0,256.0,bionic,bionic,6.0,3.1,,,60,12.0,12.0,2,1,1,ios
882,Apple,Apple iPhone 12 (256GB),67999,76.0,4.0,256.0,bionic,bionic,6.0,3.1,,,60,12.0,12.0,2,1,1,ios
883,Oppo,OPPO A15,9999,66.0,3.0,32.0,helio,helio,8.0,2.3,4230.0,,60,13.0,5.0,3,0,0,android
884,Xiaomi,Xiaomi Redmi Note 9 Pro (4GB RAM + 128GB),14439,77.0,4.0,128.0,snapdragon,snapdragon,8.0,2.3,5020.0,18.0,60,48.0,16.0,4,0,0,android
885,Oppo,Oppo A12,9990,64.0,3.0,32.0,helio,helio,8.0,1.8,4230.0,,60,13.0,5.0,2,0,0,android
886,Realme,Realme X50 Pro 5G (8GB RAM + 128GB),24999,85.0,8.0,128.0,snapdragon,snapdragon,8.0,2.84,4200.0,65.0,90,64.0,32.0,4,1,1,android
887,Samsung,Samsung Galaxy S20 Plus 5G,85990,,8.0,128.0,exynos,exynos,8.0,2.73,4500.0,25.0,60,64.0,10.0,4,1,1,android
888,Xiaomi,Xiaomi Redmi K20 Pro Signature Edition,480000,88.0,8.0,256.0,snapdragon,snapdragon,8.0,2.8,4000.0,27.0,60,48.0,20.0,3,0,1,android
889,Xiaomi,Xiaomi Redmi Note 8 Pro,16999,78.0,6.0,64.0,helio,helio,8.0,2.05,4500.0,18.0,60,64.0,20.0,4,0,0,android
890,Realme,Realme A1,8999,,2.0,16.0,helio,helio,8.0,2.1,4000.0,,60,13.0,8.0,2,0,0,android
891,Oppo,OPPO A73,15990,62.0,3.0,32.0,helio,helio,8.0,2.5,3200.0,,60,13.0,16.0,1,0,0,android
892,Lyf,Lyf Earth 2,3890,,3.0,32.0,snapdragon,snapdragon,8.0,1.5,2500.0,,60,13.0,13.0,1,0,0,android
893,Apple,Apple iPhone 15 Plus,84990,75.0,8.0,128.0,bionic,bionic,6.0,,4532.0,,120,12.0,12.0,2,1,1,ios
894,Vivo,Vivo Y55s 2023,21999,78.0,4.0,128.0,dimensity,dimensity,8.0,2.2,5000.0,18.0,60,50.0,8.0,3,1,1,android
895,Lava,Lava Blaze NXT,8999,66.0,4.0,64.0,helio,helio,8.0,2.3,5000.0,,60,13.0,8.0,3,0,0,android
896,Tecno,Tecno Camon 20 Premier,20999,79.0,6.0,128.0,dimensity,dimensity,8.0,2.2,5000.0,33.0,120,50.0,16.0,3,1,1,android
897,Oppo,OPPO Reno 8 House of Dragon Edition,32990,84.0,8.0,128.0,dimensity,dimensity,8.0,3.0,4500.0,80.0,90,50.0,32.0,3,1,1,android
898,Motorola,Motorola Moto E22s,9022,70.0,4.0,64.0,helio,helio,8.0,2.3,5000.0,10.0,90,16.0,8.0,2,0,0,android
899,Xiaomi,Xiaomi Redmi A1 Plus (3GB RAM + 32GB),8399,61.0,3.0,32.0,helio,helio,4.0,2.0,5000.0,10.0,60,8.0,5.0,2,0,0,android
900,Infinix,Infinix Hot 20i,9999,64.0,3.0,64.0,helio,helio,8.0,2.0,5000.0,,60,13.0,8.0,2,0,0,android
901,Tecno,Tecno Spark 9 (3GB RAM + 64GB),8390,63.0,3.0,64.0,helio,helio,8.0,2.3,5000.0,,90,13.0,8.0,2,0,0,android
902,Zte,ZTE Axon 30S,19999,82.0,6.0,128.0,snapdragon,snapdragon,8.0,3.2,4200.0,55.0,120,50.0,16.0,4,1,1,android
903,Honor,Honor X6,13999,71.0,4.0,64.0,helio,helio,8.0,2.0,5000.0,10.0,60,50.0,5.0,3,0,0,android
904,Xiaomi,Xiaomi Civi 2,29999,85.0,8.0,128.0,snapdragon,snapdragon,8.0,2.4,4500.0,67.0,120,50.0,32.0,3,1,1,android
905,Tcl,TCL Ion X,8990,60.0,3.0,32.0,helio,helio,8.0,2.0,3000.0,10.0,60,13.0,5.0,1,0,0,android
906,Samsung,Samsung Galaxy Z Fold 4 (12GB RAM + 1TB),163980,,12.0,1024.0,snapdragon,snapdragon,8.0,3.2,4400.0,25.0,120,50.0,10.0,3,1,1,android
907,Nothing,Nothing Phone 1 Lite,24990,80.0,6.0,128.0,snapdragon,snapdragon,8.0,2.5,5000.0,33.0,120,50.0,16.0,2,1,1,android
908,Motorola,Motorola Moto Edge X30 Pro,59990,,8.0,128.0,snapdragon,snapdragon,8.0,3.2,4450.0,125.0,144,200.0,60.0,3,1,1,android
909,OnePlus,OnePlus Ace Pro,47990,86.0,12.0,256.0,snapdragon,snapdragon,8.0,3.2,4800.0,150.0,120,50.0,16.0,3,1,1,android
910,Realme,Realme GT 2 Explorer Master Edition,40990,86.0,8.0,128.0,snapdragon,snapdragon,8.0,3.2,5000.0,100.0,120,50.0,16.0,3,1,1,android
911,Samsung,Samsung Galaxy M35,22999,74.0,8.0,128.0,,,8.0,,6000.0,,60,64.0,32.0,3,0,1,android
912,Samsung,Samsung Galaxy A05,12990,63.0,4.0,64.0,,,8.0,,5000.0,18.0,60,48.0,5.0,2,0,0,android
913,Infinix,Infinix Note 12 Turbo,14999,79.0,8.0,128.0,helio,helio,8.0,2.0,5000.0,33.0,60,50.0,16.0,3,0,0,android
914,POCO,POCO F5 GT 5G,42999,86.0,8.0,128.0,dimensity,dimensity,8.0,3.0,4500.0,150.0,120,64.0,20.0,3,1,1,android
915,iQOO,iQOO Z8 5G,14999,78.0,4.0,128.0,snapdragon,snapdragon,8.0,2.2,5000.0,18.0,120,50.0,16.0,3,1,0,android
916,Vivo,Vivo Y55 4G,22990,83.0,8.0,128.0,snapdragon,snapdragon,8.0,2.4,5000.0,44.0,120,50.0,16.0,3,0,0,android
917,Vivo,Vivo X Fold 5G (12GB RAM + 512GB),118990,,12.0,512.0,snapdragon,snapdragon,8.0,3.0,4600.0,66.0,120,50.0,16.0,4,1,1,android
918,Oppo,Oppo K10 Pro 5G,29990,81.0,8.0,128.0,snapdragon,snapdragon,8.0,2.84,5000.0,80.0,120,50.0,16.0,3,1,0,android
919,Tecno,Tecno Spark 8C,7399,62.0,3.0,64.0,unisoc,unisoc,8.0,2.0,5000.0,,90,13.0,8.0,2,0,0,android
920,iQOO,iQOO Z7 5G,17999,80.0,8.0,128.0,snapdragon,snapdragon,8.0,2.2,4200.0,55.0,120,50.0,16.0,3,1,0,android
921,Infinix,Infinix Note 11 (6GB RAM + 128GB),12799,77.0,6.0,128.0,helio,helio,8.0,2.0,5000.0,33.0,60,50.0,16.0,3,0,0,android
922,Xiaomi,Xiaomi 11i HyperCharge 5G (8GB RAM + 128GB),26999,86.0,8.0,128.0,dimensity,dimensity,8.0,2.5,4500.0,120.0,120,108.0,16.0,3,1,0,android
923,Samsung,Samsung Galaxy F42 5G (8GB RAM + 128GB),22999,82.0,8.0,128.0,dimensity,dimensity,8.0,2.2,5000.0,15.0,90,64.0,8.0,3,1,0,android
924,Apple,Apple iPhone 13 Pro (1TB),147900,84.0,6.0,1024.0,bionic,bionic,6.0,3.22,3095.0,,120,12.0,12.0,3,1,1,ios
925,Nubia,Nubia Red Magic 6S 5G,44999,84.0,8.0,128.0,snapdragon,snapdragon,8.0,2.9,5050.0,30.0,165,64.0,8.0,3,1,1,android
926,Micromax,Micromax IN 2B (6GB RAM + 64GB),7790,68.0,6.0,64.0,unisoc,unisoc,8.0,1.8,5000.0,,60,13.0,5.0,2,0,0,android
927,Nokia,Nokia X60 5G,39990,87.0,6.0,128.0,snapdragon,snapdragon,8.0,3.2,6000.0,33.0,144,200.0,16.0,4,1,0,other
928,Vivo,Vivo Y12a,9999,65.0,3.0,32.0,snapdragon,snapdragon,8.0,2.0,5000.0,,60,13.0,8.0,2,0,0,android
929,Oppo,Oppo Reno 5A,22990,80.0,6.0,128.0,snapdragon,snapdragon,8.0,2.4,4000.0,18.0,90,64.0,16.0,4,1,0,android
930,POCO,Poco F3 GT,32999,79.0,6.0,128.0,dimensity,dimensity,8.0,3.0,5065.0,67.0,120,64.0,16.0,3,1,0,android
931,Honor,Honor 50,32990,85.0,6.0,128.0,snapdragon,snapdragon,8.0,2.4,4300.0,66.0,120,108.0,32.0,4,1,1,android
932,Oppo,OPPO A54 (6GB RAM + 128GB),14999,74.0,6.0,128.0,helio,helio,8.0,2.3,5000.0,,60,13.0,16.0,3,0,0,android
933,Realme,Realme 8i,12499,74.0,4.0,64.0,helio,helio,8.0,2.05,5000.0,18.0,120,50.0,16.0,3,0,0,android
934,iQOO,iQOO 7 Legend,39990,84.0,8.0,128.0,snapdragon,snapdragon,8.0,2.84,4000.0,66.0,120,48.0,16.0,3,1,1,android
935,Realme,Realme C11 2021,6499,61.0,2.0,32.0,sc9863a,sc9863a,8.0,1.6,5000.0,,60,8.0,5.0,1,0,0,android
936,Samsung,Samsung Galaxy A22,18499,76.0,6.0,128.0,helio,helio,8.0,2.0,5000.0,15.0,60,48.0,13.0,4,0,0,android
937,Realme,Realme GT 5G,30994,85.0,8.0,128.0,snapdragon,snapdragon,8.0,2.84,4500.0,65.0,120,64.0,16.0,3,1,1,android
938,Google,Google Pixel 5A,32999,78.0,6.0,128.0,snapdragon,snapdragon,8.0,2.4,4620.0,18.0,60,16.0,8.0,2,1,1,android
939,Samsung,Samsung Galaxy F12,10499,73.0,4.0,64.0,exynos,exynos,8.0,2.0,6000.0,15.0,90,48.0,8.0,4,0,0,android
940,Samsung,Samsung Galaxy F41 (6GB RAM + 128GB),19999,82.0,6.0,128.0,exynos,exynos,8.0,2.3,6000.0,15.0,60,64.0,32.0,3,0,0,android
941,Samsung,Samsung Galaxy A21s (6GB RAM + 128GB),17499,75.0,6.0,128.0,exynos,exynos,8.0,2.0,5000.0,,60,48.0,13.0,4,0,0,android
942,Xiaomi,Xiaomi Redmi 9A (6GB RAM + 128GB),10990,69.0,6.0,128.0,helio,helio,8.0,2.0,5000.0,,60,13.0,5.0,1,0,0,android
943,Vivo,Vivo V20 SE,19000,82.0,8.0,128.0,snapdragon,snapdragon,8.0,2.0,4100.0,33.0,60,48.0,32.0,3,0,0,android
944,Oppo,OPPO A53 2020 (6GB RAM + 128GB),13990,70.0,6.0,128.0,snapdragon,snapdragon,8.0,1.8,5000.0,18.0,90,13.0,16.0,3,0,0,android
945,Realme,Realme Narzo 20,10499,72.0,4.0,64.0,helio,helio,8.0,2.0,6000.0,18.0,60,48.0,8.0,3,0,0,android
946,Itel,itel Vision 1 (3GB RAM + 32GB),5890,,3.0,32.0,unisoc,unisoc,8.0,1.6,4000.0,,60,8.0,5.0,2,0,0,android
947,Realme,Realme C11,6490,61.0,2.0,32.0,helio,helio,8.0,2.3,5000.0,,60,13.0,5.0,2,0,0,android
948,Xiaomi,Xiaomi Mi 10 5G (8GB RAM + 256GB),54999,88.0,8.0,256.0,snapdragon,snapdragon,8.0,2.84,4780.0,30.0,90,108.0,20.0,4,1,1,android
949,Vivo,Vivo Y21 (2020),9990,65.0,4.0,64.0,snapdragon,snapdragon,8.0,1.8,5000.0,,60,13.0,13.0,2,0,0,android
950,OnePlus,OnePlus Z,24999,79.0,8.0,128.0,snapdragon,snapdragon,8.0,2.4,4300.0,30.0,90,64.0,16.0,3,0,0,android
951,Sharp,Sharp Aquos R5G,59990,88.0,12.0,256.0,snapdragon,snapdragon,8.0,2.84,3730.0,,60,48.0,16.0,3,0,1,android
952,Huawei,Huawei Mate 30 RS Porsche Design,214990,,12.0,512.0,kirin,kirin,8.0,2.86,4500.0,,60,40.0,32.0,4,1,1,android
953,Samsung,Samsung Galaxy A11,9990,63.0,2.0,32.0,,,8.0,1.8,4000.0,15.0,60,13.0,8.0,3,0,0,android
954,Realme,Realme C2,6999,,2.0,16.0,helio,helio,8.0,2.0,4000.0,,60,13.0,5.0,2,0,0,android
955,Huawei,Huawei Mate X,169000,,8.0,512.0,kirin,kirin,8.0,2.86,4500.0,55.0,60,48.0,,4,1,1,
956,Samsung,Samsung Galaxy A9 Pro (2019),39990,78.0,6.0,128.0,snapdragon,snapdragon,8.0,2.2,3400.0,,60,24.0,24.0,3,0,1,android
957,Samsung,Samsung Galaxy A7 (2018),21490,70.0,4.0,64.0,exynos,exynos,8.0,2.2,3300.0,,60,24.0,24.0,3,0,0,android
958,Vivo,Vivo Y55S,13490,,3.0,16.0,snapdragon,snapdragon,4.0,1.2,2730.0,,60,13.0,5.0,1,0,0,android
959,POCO,Poco C55,7999,70.0,4.0,64.0,helio,helio,8.0,2.0,5000.0,,60,50.0,5.0,2,0,0,android
960,Blackview,Blackview BV5200 Pro,8990,67.0,4.0,64.0,helio,helio,8.0,2.3,5180.0,10.0,60,13.0,8.0,2,1,1,android
961,Honor,Honor X7a,13999,75.0,6.0,128.0,helio,helio,8.0,2.3,5000.0,22.0,90,50.0,8.0,4,0,0,android
962,Oppo,OPPO A58x,13990,72.0,6.0,128.0,dimensity,dimensity,8.0,2.2,5000.0,10.0,90,13.0,8.0,2,1,0,android
963,Doogee,Doogee S99,14999,84.0,8.0,128.0,helio,helio,8.0,2.05,6000.0,33.0,60,108.0,32.0,3,0,1,android
964,Lava,Lava X3,6999,,3.0,32.0,helio,helio,4.0,2.0,4000.0,,60,8.0,5.0,2,0,0,android
965,Motorola,Motorola Edge 40 Fusion,42990,87.0,8.0,128.0,snapdragon,snapdragon,8.0,3.2,4500.0,68.0,144,50.0,32.0,3,1,1,android
966,Ikall,iKall Z18,6799,61.0,4.0,64.0,,,4.0,1.3,5000.0,,60,20.0,13.0,1,0,0,android
967,Oukitel,Oukitel WP9,25899,72.0,6.0,128.0,helio,helio,8.0,2.0,8000.0,,60,16.0,8.0,3,0,1,android
968,Xiaomi,Xiaomi 14,54999,89.0,12.0,256.0,snapdragon,snapdragon,8.0,3.2,5000.0,67.0,120,50.0,32.0,3,1,1,android
969,Motorola,Motorola ThinkPhone,49990,89.0,8.0,128.0,snapdragon,snapdragon,8.0,3.2,5000.0,68.0,144,50.0,32.0,3,1,1,android
970,Xiaomi,Xiaomi Civi 3,32990,86.0,8.0,256.0,dimensity,dimensity,8.0,3.1,5000.0,80.0,120,64.0,32.0,3,1,1,android
971,Realme,Realme Narzo 50i Prime (4GB RAM + 64GB),8720,64.0,4.0,64.0,tiger,tiger,8.0,1.82,5000.0,10.0,60,8.0,5.0,1,0,0,android
972,Oppo,Oppo Find X6,69990,89.0,8.0,256.0,snapdragon,snapdragon,8.0,3.2,4700.0,120.0,120,50.0,32.0,3,1,1,android
973,Itel,itel A23s,4787,,2.0,32.0,spreadtrum,spreadtrum,4.0,1.4,3020.0,,60,2.0,,1,0,0,android
974,Google,Google Pixel 8 Pro,70990,80.0,12.0,256.0,google,google,8.0,,5000.0,67.0,120,50.0,12.0,3,1,1,android
975,Vivo,Vivo X Fold 2,119990,,12.0,256.0,snapdragon,snapdragon,8.0,3.2,4800.0,66.0,120,50.0,32.0,3,1,1,android
976,Motorola,Motorola Moto Edge S30 Pro,34990,83.0,8.0,128.0,snapdragon,snapdragon,8.0,3.0,5000.0,68.0,120,64.0,16.0,3,1,0,android
977,Honor,Honor X8 5G,14990,75.0,6.0,128.0,snapdragon,snapdragon,8.0,2.2,5000.0,22.0,60,48.0,8.0,3,1,0,android
978,POCO,POCO X4 GT 5G (8GB RAM + 256GB),28990,85.0,8.0,256.0,dimensity,dimensity,8.0,2.85,5080.0,67.0,144,64.0,16.0,3,1,1,android
979,Motorola,Motorola Moto G91 5G,19990,80.0,6.0,128.0,snapdragon,snapdragon,8.0,2.2,5000.0,,60,108.0,32.0,3,1,1,android
980,Samsung,Samsung Galaxy M52s 5G,24990,74.0,8.0,128.0,,,8.0,,5000.0,,60,64.0,32.0,3,1,0,android
